Kurs Jual,Kurs Beli,Tanggal
7070.93,6998.38,1/2/2012 12:00:00 AM
7125.39,7048.72,1/3/2012 12:00:00 AM
7170.28,7096.57,1/4/2012 12:00:00 AM
7151.51,7078.42,1/5/2012 12:00:00 AM
7124.28,7052.54,1/6/2012 12:00:00 AM
7108.55,7035.55,1/9/2012 12:00:00 AM
7154.14,7080.14,1/10/2012 12:00:00 AM
7150.81,7076.92,1/11/2012 12:00:00 AM
7161.32,7089.04,1/12/2012 12:00:00 AM
7161.93,7089.41,1/13/2012 12:00:00 AM
7138.1,7064.15,1/16/2012 12:00:00 AM
7189.81,7115.56,1/17/2012 12:00:00 AM
7179.29,7106.43,1/18/2012 12:00:00 AM
7138.94,7065.73,1/19/2012 12:00:00 AM
7074.92,6998.66,1/20/2012 12:00:00 AM
7120.89,7045.47,1/24/2012 12:00:00 AM
7162.73,7086,1/25/2012 12:00:00 AM
7184.3,7107.12,1/26/2012 12:00:00 AM
7178.65,7104.8,1/27/2012 12:00:00 AM
7200.38,7126.35,1/30/2012 12:00:00 AM
7213.49,7138.87,1/31/2012 12:00:00 AM
7226.43,7149.57,2/1/2012 12:00:00 AM
7169.45,7092.59,2/2/2012 12:00:00 AM
7247.07,7169.18,2/3/2012 12:00:00 AM
7254.26,7176.79,2/6/2012 12:00:00 AM
7245.99,7170.43,2/7/2012 12:00:00 AM
7265.34,7191.22,2/8/2012 12:00:00 AM
7191.04,7113.05,2/9/2012 12:00:00 AM
7226.35,7148.68,2/10/2012 12:00:00 AM
7220.32,7145.81,2/13/2012 12:00:00 AM
7206.79,7134.81,2/14/2012 12:00:00 AM
7209.17,7136.62,2/15/2012 12:00:00 AM
7133.28,7056.69,2/16/2012 12:00:00 AM
7193.37,7120.32,2/17/2012 12:00:00 AM
7248.34,7174.21,2/20/2012 12:00:00 AM
7235.53,7161.61,2/21/2012 12:00:00 AM
7232.86,7155.67,2/22/2012 12:00:00 AM
7238.72,7161.56,2/23/2012 12:00:00 AM
7272.22,7197.54,2/24/2012 12:00:00 AM
7285.17,7206.23,2/27/2012 12:00:00 AM
7339.13,7259.98,2/28/2012 12:00:00 AM
7326.27,7248.24,2/29/2012 12:00:00 AM
7310.89,7238.35,3/1/2012 12:00:00 AM
7340.23,7260.64,3/2/2012 12:00:00 AM
7313.88,7235.36,3/5/2012 12:00:00 AM
7315.12,7240.31,3/6/2012 12:00:00 AM
7326.09,7248.51,3/7/2012 12:00:00 AM
7319.19,7241.46,3/8/2012 12:00:00 AM
7334.4,7259.15,3/9/2012 12:00:00 AM
7309.25,7231.61,3/12/2012 12:00:00 AM
7334.18,7258.62,3/13/2012 12:00:00 AM
7325.56,7246.87,3/14/2012 12:00:00 AM
7298.36,7219.99,3/15/2012 12:00:00 AM
7318.89,7240.15,3/16/2012 12:00:00 AM
7324.91,7251.19,3/19/2012 12:00:00 AM
7315.64,7241.95,3/20/2012 12:00:00 AM
7317.58,7241.73,3/21/2012 12:00:00 AM
7301.6,7225.87,3/22/2012 12:00:00 AM
7318.95,7243.68,3/26/2012 12:00:00 AM
7336.72,7258.44,3/27/2012 12:00:00 AM
7342.62,7264.2,3/28/2012 12:00:00 AM
7337.31,7259.01,3/29/2012 12:00:00 AM
7346.71,7270.56,3/30/2012 12:00:00 AM
7344.87,7269.18,4/2/2012 12:00:00 AM
7351.04,7271.64,4/3/2012 12:00:00 AM
7322.2,7244.39,4/4/2012 12:00:00 AM
7309.62,7234.84,4/5/2012 12:00:00 AM
7311.54,7232.79,4/9/2012 12:00:00 AM
7317.87,7239.03,4/10/2012 12:00:00 AM
7313.12,7234.38,4/11/2012 12:00:00 AM
7339.38,7263.83,4/12/2012 12:00:00 AM
7390.19,7310.59,4/13/2012 12:00:00 AM
7367.54,7291.68,4/16/2012 12:00:00 AM
7374.48,7297.43,4/17/2012 12:00:00 AM
7387.86,7311.82,4/18/2012 12:00:00 AM
7374.14,7295.38,4/19/2012 12:00:00 AM
7377.51,7298.14,4/20/2012 12:00:00 AM
7395.24,7318.6,4/23/2012 12:00:00 AM
7408.98,7332.85,4/24/2012 12:00:00 AM
7415.14,7339.54,4/25/2012 12:00:00 AM
7431.61,7355.21,4/26/2012 12:00:00 AM
7434.6,7359.95,4/27/2012 12:00:00 AM
7462.83,7387.3,4/30/2012 12:00:00 AM
7477.34,7400.49,5/1/2012 12:00:00 AM
7476.13,7399.29,5/2/2012 12:00:00 AM
7450.82,7370.71,5/3/2012 12:00:00 AM
7461.94,7381.89,5/4/2012 12:00:00 AM
7422.74,7343.2,5/7/2012 12:00:00 AM
7435.4,7359.81,5/8/2012 12:00:00 AM
7416.8,7340.85,5/9/2012 12:00:00 AM
7436.78,7357.27,5/10/2012 12:00:00 AM
7371.95,7292.61,5/11/2012 12:00:00 AM
7394.46,7319.29,5/14/2012 12:00:00 AM
7413.22,7334.13,5/15/2012 12:00:00 AM
7377.58,7301.91,5/16/2012 12:00:00 AM
7330.97,7256.28,5/21/2012 12:00:00 AM
7347.7,7273.37,5/22/2012 12:00:00 AM
7305.43,7231.06,5/23/2012 12:00:00 AM
7310.5,7236.11,5/24/2012 12:00:00 AM
7326.76,7250.88,5/25/2012 12:00:00 AM
7428.44,7352.41,5/28/2012 12:00:00 AM
7457.71,7378.88,5/29/2012 12:00:00 AM
7519.35,7441.97,5/30/2012 12:00:00 AM
7462.93,7386.11,5/31/2012 12:00:00 AM
7287.7,7209.07,6/1/2012 12:00:00 AM
7360.11,7286.23,6/4/2012 12:00:00 AM
7399.05,7320.22,6/5/2012 12:00:00 AM
7424.29,7345.19,6/6/2012 12:00:00 AM
7391.54,7312.64,6/7/2012 12:00:00 AM
7387.78,7313.96,6/8/2012 12:00:00 AM
7427.72,7348.31,6/11/2012 12:00:00 AM
7402.93,7327.93,6/12/2012 12:00:00 AM
7410.7,7332.81,6/13/2012 12:00:00 AM
7424.31,7346.95,6/14/2012 12:00:00 AM
7451.06,7372.83,6/15/2012 12:00:00 AM
7470.27,7394.49,6/18/2012 12:00:00 AM
7479.69,7403.82,6/19/2012 12:00:00 AM
7502.96,7427.62,6/20/2012 12:00:00 AM
7493.7,7416.79,6/21/2012 12:00:00 AM
7457.89,7383.1,6/22/2012 12:00:00 AM
7438.32,7362.05,6/25/2012 12:00:00 AM
7439.22,7364.02,6/26/2012 12:00:00 AM
7448.37,7373.69,6/27/2012 12:00:00 AM
7466.3,7390.9,6/28/2012 12:00:00 AM
7452.87,7377.6,6/29/2012 12:00:00 AM
7448.75,7370,7/2/2012 12:00:00 AM
7488.93,7409.95,7/3/2012 12:00:00 AM
7455.64,7375.34,7/4/2012 12:00:00 AM
7449.25,7373.24,7/5/2012 12:00:00 AM
7451.51,7374.48,7/6/2012 12:00:00 AM
7466.74,7388.09,7/9/2012 12:00:00 AM
7475.38,7395.51,7/10/2012 12:00:00 AM
7508.89,7428.77,7/11/2012 12:00:00 AM
7512.84,7433.87,7/12/2012 12:00:00 AM
7496.85,7421.13,7/13/2012 12:00:00 AM
7526.67,7446.51,7/16/2012 12:00:00 AM
7545.57,7469.3,7/17/2012 12:00:00 AM
7555.41,7477.76,7/18/2012 12:00:00 AM
7573.01,7497.02,7/19/2012 12:00:00 AM
7595.69,7518.93,7/20/2012 12:00:00 AM
7564.82,7488.5,7/23/2012 12:00:00 AM
7565.06,7488.7,7/24/2012 12:00:00 AM
7560.05,7479.6,7/25/2012 12:00:00 AM
7600.38,7520.7,7/26/2012 12:00:00 AM
7618.9,7538.34,7/27/2012 12:00:00 AM
7634.76,7558.26,7/30/2012 12:00:00 AM
7656.22,7576.46,7/31/2012 12:00:00 AM
7638.28,7562.21,8/1/2012 12:00:00 AM
7642.2,7560.72,8/2/2012 12:00:00 AM
7637.21,7559.47,8/3/2012 12:00:00 AM
7660.33,7578.49,8/6/2012 12:00:00 AM
7670.43,7592.85,8/7/2012 12:00:00 AM
7666.05,7584.27,8/8/2012 12:00:00 AM
7665.7,7588.87,8/9/2012 12:00:00 AM
7646.11,7564.58,8/10/2012 12:00:00 AM
7654.05,7576.71,8/13/2012 12:00:00 AM
7662.7,7582.3,8/14/2012 12:00:00 AM
7638.91,7561.83,8/15/2012 12:00:00 AM
7634.17,7552.94,8/16/2012 12:00:00 AM
7664.26,7582.66,8/23/2012 12:00:00 AM
7652.62,7573.89,8/24/2012 12:00:00 AM
7639.4,7557.88,8/27/2012 12:00:00 AM
7638.9,7561.17,8/28/2012 12:00:00 AM
7663.63,7582.77,8/29/2012 12:00:00 AM
7675.92,7596.91,8/30/2012 12:00:00 AM
7671.67,7590.17,8/31/2012 12:00:00 AM
7716.89,7636.93,9/3/2012 12:00:00 AM
7739.81,7657.69,9/4/2012 12:00:00 AM
7723.01,7644.23,9/5/2012 12:00:00 AM
7737.38,7656.02,9/6/2012 12:00:00 AM
7756.23,7677.15,9/7/2012 12:00:00 AM
7794.59,7715.65,9/10/2012 12:00:00 AM
7805.77,7723,9/11/2012 12:00:00 AM
7831.75,7751.75,9/12/2012 12:00:00 AM
7847.95,7763.39,9/13/2012 12:00:00 AM
7863.51,7783.13,9/14/2012 12:00:00 AM
7779.96,7696.65,9/17/2012 12:00:00 AM
7796.67,7717.32,9/18/2012 12:00:00 AM
7833.29,7753.65,9/19/2012 12:00:00 AM
7836.36,7751.55,9/20/2012 12:00:00 AM
7853.17,7768.34,9/21/2012 12:00:00 AM
7833.03,7753.51,9/24/2012 12:00:00 AM
7851.9,7771.07,9/25/2012 12:00:00 AM
7830.83,7751.48,9/26/2012 12:00:00 AM
7841.51,7761.51,9/27/2012 12:00:00 AM
7865.48,7785.85,9/28/2012 12:00:00 AM
7833.12,7748.82,10/1/2012 12:00:00 AM
7846.03,7765.92,10/2/2012 12:00:00 AM
7821.78,7741.99,10/3/2012 12:00:00 AM
7824.07,7741.7,10/4/2012 12:00:00 AM
7858.77,7775.42,10/5/2012 12:00:00 AM
7833.22,7748.9,10/8/2012 12:00:00 AM
7854.76,7775.97,10/9/2012 12:00:00 AM
7838.45,7756.03,10/10/2012 12:00:00 AM
7846.98,7763.87,10/11/2012 12:00:00 AM
7907.76,7822.07,10/12/2012 12:00:00 AM
7882.43,7802.03,10/15/2012 12:00:00 AM
7888.14,7803.78,10/16/2012 12:00:00 AM
7908.87,7824.27,10/17/2012 12:00:00 AM
7914.07,7833.26,10/18/2012 12:00:00 AM
7905.18,7825.16,10/19/2012 12:00:00 AM
7897.28,7816.72,10/22/2012 12:00:00 AM
7909.47,7828.97,10/23/2012 12:00:00 AM
7900.42,7820.65,10/24/2012 12:00:00 AM
7913.19,7832.64,10/25/2012 12:00:00 AM
7907.11,7826.55,10/29/2012 12:00:00 AM
7902.58,7817.59,10/30/2012 12:00:00 AM
7922.44,7841.8,10/31/2012 12:00:00 AM
7926.6,7846.03,11/1/2012 12:00:00 AM
7925.95,7840.89,11/2/2012 12:00:00 AM
7905.23,7824.88,11/5/2012 12:00:00 AM
7906.08,7825.77,11/6/2012 12:00:00 AM
7917.86,7832.27,11/7/2012 12:00:00 AM
7919.87,7840.09,11/8/2012 12:00:00 AM
7911.9,7827.68,11/9/2012 12:00:00 AM
7922.6,7839.56,11/12/2012 12:00:00 AM
7913.23,7834.15,11/13/2012 12:00:00 AM
7923.76,7843.3,11/14/2012 12:00:00 AM
7905.82,7824.92,11/19/2012 12:00:00 AM
7915.99,7835.61,11/20/2012 12:00:00 AM
7907.79,7827.54,11/21/2012 12:00:00 AM
7914.22,7830.67,11/22/2012 12:00:00 AM
7903.94,7823.6,11/23/2012 12:00:00 AM
7905.46,7820.54,11/26/2012 12:00:00 AM
7900.94,7821.71,11/27/2012 12:00:00 AM
7894.69,7814.29,11/28/2012 12:00:00 AM
7903.44,7823.6,11/29/2012 12:00:00 AM
7914.24,7829.76,11/30/2012 12:00:00 AM
7906.56,7824.66,12/3/2012 12:00:00 AM
7914.24,7834.89,12/4/2012 12:00:00 AM
7932.45,7847.76,12/5/2012 12:00:00 AM
7930.55,7845.95,12/6/2012 12:00:00 AM
7926.09,7846.14,12/7/2012 12:00:00 AM
7943.83,7860.07,12/10/2012 12:00:00 AM
7933.88,7854.69,12/11/2012 12:00:00 AM
7945.08,7861.24,12/12/2012 12:00:00 AM
7940.84,7857.03,12/13/2012 12:00:00 AM
7939.88,7854.8,12/14/2012 12:00:00 AM
7944.43,7865.1,12/17/2012 12:00:00 AM
7946.7,7867.33,12/18/2012 12:00:00 AM
7956.84,7872.9,12/19/2012 12:00:00 AM
7957.38,7877.4,12/20/2012 12:00:00 AM
7978.2,7895,12/21/2012 12:00:00 AM
7977.76,7891.17,12/26/2012 12:00:00 AM
7957,7877.87,12/27/2012 12:00:00 AM
7947.98,7866.25,12/28/2012 12:00:00 AM
7971.99,7892.06,1/2/2013 12:00:00 AM
7950.58,7871.4,1/3/2013 12:00:00 AM
7918.4,7837.02,1/4/2013 12:00:00 AM
7958.2,7872.12,1/7/2013 12:00:00 AM
7969.55,7889.12,1/8/2013 12:00:00 AM
7972.8,7889.77,1/9/2013 12:00:00 AM
7958.92,7873.9,1/10/2013 12:00:00 AM
7933.97,7849.09,1/11/2013 12:00:00 AM
7925.3,7841.89,1/14/2013 12:00:00 AM
7998.86,7918.13,1/15/2013 12:00:00 AM
7952.63,7868.45,1/16/2013 12:00:00 AM
7957.18,7872.31,1/17/2013 12:00:00 AM
7948.55,7868.87,1/18/2013 12:00:00 AM
7925.05,7845.56,1/21/2013 12:00:00 AM
7878.99,7798.37,1/22/2013 12:00:00 AM
7887.11,7807.64,1/23/2013 12:00:00 AM
7876.3,7791.94,1/25/2013 12:00:00 AM
7870.1,7791.72,1/28/2013 12:00:00 AM
7864.19,7781.55,1/29/2013 12:00:00 AM
7893.33,7811.08,1/30/2013 12:00:00 AM
7873.65,7794.83,1/31/2013 12:00:00 AM
7862.73,7782.44,2/1/2013 12:00:00 AM
7850.28,7770.87,2/4/2013 12:00:00 AM
7871.57,7793.39,2/5/2013 12:00:00 AM
7863.95,7785.77,2/6/2013 12:00:00 AM
7887.98,7808.26,2/7/2013 12:00:00 AM
7849.83,7771.77,2/8/2013 12:00:00 AM
7845.77,7762.52,2/11/2013 12:00:00 AM
7789.22,7710.13,2/12/2013 12:00:00 AM
7829.39,7751.21,2/13/2013 12:00:00 AM
7866.69,7787.68,2/14/2013 12:00:00 AM
7874.42,7796.12,2/15/2013 12:00:00 AM
7847.06,7767.12,2/18/2013 12:00:00 AM
7878.93,7798.58,2/19/2013 12:00:00 AM
7890.78,7810.22,2/20/2013 12:00:00 AM
7868.96,7783.6,2/21/2013 12:00:00 AM
7884.66,7802.99,2/22/2013 12:00:00 AM
7872.58,7792.29,2/25/2013 12:00:00 AM
7878.2,7794.01,2/26/2013 12:00:00 AM
7859.8,7781.01,2/27/2013 12:00:00 AM
7863.85,7779.84,2/28/2013 12:00:00 AM
7861.3,7783.08,3/1/2013 12:00:00 AM
7839.4,7759.38,3/4/2013 12:00:00 AM
7839.58,7755.82,3/5/2013 12:00:00 AM
7822.24,7743.85,3/6/2013 12:00:00 AM
7809.75,7726.62,3/7/2013 12:00:00 AM
7814.43,7734.9,3/8/2013 12:00:00 AM
7788.8,7710.77,3/11/2013 12:00:00 AM
7814.93,7737.33,3/13/2013 12:00:00 AM
7814.73,7735.58,3/14/2013 12:00:00 AM
7807.32,7728.22,3/15/2013 12:00:00 AM
7809.23,7730.25,3/18/2013 12:00:00 AM
7811.32,7726.65,3/19/2013 12:00:00 AM
7803.24,7724.37,3/20/2013 12:00:00 AM
7822.5,7739.12,3/21/2013 12:00:00 AM
7834.85,7755.82,3/22/2013 12:00:00 AM
7847.97,7768.06,3/25/2013 12:00:00 AM
7883.76,7804.25,3/26/2013 12:00:00 AM
7870.2,7785.02,3/27/2013 12:00:00 AM
7855.88,7776.44,3/28/2013 12:00:00 AM
7880.79,7800.6,4/1/2013 12:00:00 AM
7909.16,7829.32,4/2/2013 12:00:00 AM
7903.15,7817.74,4/3/2013 12:00:00 AM
7911.18,7831.42,4/4/2013 12:00:00 AM
7905.48,7823.28,4/5/2013 12:00:00 AM
7903.43,7823.81,4/8/2013 12:00:00 AM
7896.14,7816.48,4/9/2013 12:00:00 AM
7877.07,7793.13,4/10/2013 12:00:00 AM
7867.47,7783.61,4/11/2013 12:00:00 AM
7885.42,7804.98,4/12/2013 12:00:00 AM
7898.19,7813.18,4/15/2013 12:00:00 AM
7887.64,7807.91,4/16/2013 12:00:00 AM
7916.13,7835.36,4/17/2013 12:00:00 AM
7909.99,7824.33,4/18/2013 12:00:00 AM
7908.9,7823.13,4/19/2013 12:00:00 AM
7889.12,7803.62,4/22/2013 12:00:00 AM
7879.59,7799.36,4/23/2013 12:00:00 AM
7875.61,7793.53,4/24/2013 12:00:00 AM
7873.73,7788.43,4/25/2013 12:00:00 AM
7905.17,7822.71,4/26/2013 12:00:00 AM
7915.42,7835.39,4/29/2013 12:00:00 AM
7920.08,7838.74,4/30/2013 12:00:00 AM
7942.66,7861.78,5/1/2013 12:00:00 AM
7928.15,7847.41,5/2/2013 12:00:00 AM
7933.38,7847.6,5/3/2013 12:00:00 AM
7954.62,7869.8,5/6/2013 12:00:00 AM
7950.95,7870.08,5/7/2013 12:00:00 AM
7943.97,7863.12,5/8/2013 12:00:00 AM
7929.19,7843.44,5/10/2013 12:00:00 AM
7897.54,7815.32,5/13/2013 12:00:00 AM
7899.24,7813.81,5/14/2013 12:00:00 AM
7886.81,7807.29,5/15/2013 12:00:00 AM
7875.74,7791.97,5/16/2013 12:00:00 AM
7830.18,7751.36,5/17/2013 12:00:00 AM
7809.09,7728,5/20/2013 12:00:00 AM
7821.79,7737.52,5/21/2013 12:00:00 AM
7796.93,7717.85,5/22/2013 12:00:00 AM
7753.57,7675.61,5/23/2013 12:00:00 AM
7769.16,7685.56,5/24/2013 12:00:00 AM
7785.6,7703.19,5/27/2013 12:00:00 AM
7796.76,7713.16,5/28/2013 12:00:00 AM
7774.01,7691.88,5/29/2013 12:00:00 AM
7779.09,7701.17,5/30/2013 12:00:00 AM
7826.95,7744.16,5/31/2013 12:00:00 AM
7819.19,7736.57,6/3/2013 12:00:00 AM
7867.47,7783.01,6/4/2013 12:00:00 AM
7877.24,7796.42,6/5/2013 12:00:00 AM
7918.71,7833.53,6/7/2013 12:00:00 AM
7863.87,7782.56,6/10/2013 12:00:00 AM
7832.09,7751.25,6/11/2013 12:00:00 AM
7891.8,7807.5,6/12/2013 12:00:00 AM
7898.88,7817.86,6/13/2013 12:00:00 AM
7946.73,7867.08,6/14/2013 12:00:00 AM
7922.45,7839.26,6/17/2013 12:00:00 AM
7916.77,7831.12,6/18/2013 12:00:00 AM
7908.53,7824.15,6/19/2013 12:00:00 AM
7863.34,7783.91,6/20/2013 12:00:00 AM
7868.26,7783.54,6/21/2013 12:00:00 AM
7825.78,7744.34,6/24/2013 12:00:00 AM
7848.34,7764.96,6/25/2013 12:00:00 AM
7861.02,7776.21,6/26/2013 12:00:00 AM
7884.27,7801.01,6/27/2013 12:00:00 AM
7882.31,7800.24,6/28/2013 12:00:00 AM
7883.77,7801.72,7/1/2013 12:00:00 AM
7886.63,7804.61,7/2/2013 12:00:00 AM
7854.56,7772.89,7/3/2013 12:00:00 AM
7856.47,7774.81,7/4/2013 12:00:00 AM
7842.91,7761.39,7/5/2013 12:00:00 AM
7798.99,7715.06,7/8/2013 12:00:00 AM
7822.76,7743.4,7/9/2013 12:00:00 AM
7839.76,7760.91,7/10/2013 12:00:00 AM
7935.59,7850.25,7/11/2013 12:00:00 AM
7959.69,7874.08,7/12/2013 12:00:00 AM
7978.14,7895.82,7/15/2013 12:00:00 AM
8003.49,7921,7/16/2013 12:00:00 AM
8003.49,7922.28,7/17/2013 12:00:00 AM
8001.42,7919.14,7/18/2013 12:00:00 AM
7981.07,7897.23,7/19/2013 12:00:00 AM
8014.26,7932.54,7/22/2013 12:00:00 AM
8155.76,8072.86,7/23/2013 12:00:00 AM
8158.37,8072.57,7/24/2013 12:00:00 AM
8134.07,8047.28,7/25/2013 12:00:00 AM
8164.62,8080.7,7/26/2013 12:00:00 AM
8169.23,8087.85,7/29/2013 12:00:00 AM
8138.69,8055.77,7/30/2013 12:00:00 AM
8126.03,8045.15,7/31/2013 12:00:00 AM
8133.9,8050.49,8/1/2013 12:00:00 AM
8110.93,8024.61,8/2/2013 12:00:00 AM
8110.93,8024.61,8/6/2013 12:00:00 AM
8202.16,8114.79,8/12/2013 12:00:00 AM
8195.07,8107.83,8/13/2013 12:00:00 AM
8159.6,8072.8,8/14/2013 12:00:00 AM
8179.52,8095.58,8/15/2013 12:00:00 AM
8229.45,8146.86,8/16/2013 12:00:00 AM
8257.72,8170.82,8/19/2013 12:00:00 AM
8252.81,8164.84,8/20/2013 12:00:00 AM
8441.96,8350.81,8/21/2013 12:00:00 AM
8455.96,8370.48,8/22/2013 12:00:00 AM
8524.51,8433.47,8/23/2013 12:00:00 AM
8521.04,8433.27,8/26/2013 12:00:00 AM
8531.2,8445.64,8/27/2013 12:00:00 AM
8590.94,8501.76,8/28/2013 12:00:00 AM
8596.79,8510.09,8/29/2013 12:00:00 AM
8606.93,8518.69,8/30/2013 12:00:00 AM
8614.82,8523.14,9/2/2013 12:00:00 AM
8668.13,8580.4,9/3/2013 12:00:00 AM
8725.74,8638.96,9/4/2013 12:00:00 AM
8774.23,8679.53,9/5/2013 12:00:00 AM
8799.25,8710.33,9/6/2013 12:00:00 AM
8818.13,8726.87,9/9/2013 12:00:00 AM
8857.01,8767.34,9/10/2013 12:00:00 AM
9062.6,8972.01,9/11/2013 12:00:00 AM
9121.85,9028.97,9/12/2013 12:00:00 AM
9020.87,8925.45,9/13/2013 12:00:00 AM
9100.28,9002.77,9/16/2013 12:00:00 AM
9108.75,9014.95,9/17/2013 12:00:00 AM
9164.42,9073.24,9/18/2013 12:00:00 AM
9116.06,9020.18,9/19/2013 12:00:00 AM
9155.03,9062.83,9/20/2013 12:00:00 AM
9206.12,9114.07,9/23/2013 12:00:00 AM
9252.93,9154.5,9/24/2013 12:00:00 AM
9264.54,9170.65,9/25/2013 12:00:00 AM
9271.42,9173.11,9/26/2013 12:00:00 AM
9226.24,9132.44,9/27/2013 12:00:00 AM
9284.07,9184.48,9/30/2013 12:00:00 AM
9292.55,9194.17,10/1/2013 12:00:00 AM
9281.49,9181.56,10/2/2013 12:00:00 AM
9287.77,9194.1,10/3/2013 12:00:00 AM
9308.33,9212.4,10/4/2013 12:00:00 AM
9292.07,9196.86,10/7/2013 12:00:00 AM
9282,9185.47,10/8/2013 12:00:00 AM
9277.66,9178.99,10/9/2013 12:00:00 AM
9262.22,9162.28,10/10/2013 12:00:00 AM
9239.64,9147.57,10/11/2013 12:00:00 AM
9148.9,9055.01,10/16/2013 12:00:00 AM
9170.42,9077.32,10/17/2013 12:00:00 AM
9172.72,9074.85,10/18/2013 12:00:00 AM
9197.16,9097.94,10/21/2013 12:00:00 AM
9177.87,9080.23,10/22/2013 12:00:00 AM
9161.88,9067.51,10/23/2013 12:00:00 AM
9152.93,9061.67,10/24/2013 12:00:00 AM
9045.23,8954.04,10/25/2013 12:00:00 AM
8958.01,8866.87,10/28/2013 12:00:00 AM
8985.31,8895.79,10/29/2013 12:00:00 AM
9040.86,8948.43,10/30/2013 12:00:00 AM
9113.66,9021.79,10/31/2013 12:00:00 AM
9186.86,9090.69,11/1/2013 12:00:00 AM
9212.81,9119.59,11/4/2013 12:00:00 AM
9215.13,9122.82,11/6/2013 12:00:00 AM
9215.78,9123.26,11/7/2013 12:00:00 AM
9216.73,9117.72,11/8/2013 12:00:00 AM
9259.59,9166.67,11/11/2013 12:00:00 AM
9318.49,9221.9,11/12/2013 12:00:00 AM
9372.85,9277.71,11/13/2013 12:00:00 AM
9324.23,9224.35,11/14/2013 12:00:00 AM
9322.05,9226.76,11/15/2013 12:00:00 AM
9371.24,9277.47,11/18/2013 12:00:00 AM
9368.07,9268.98,11/19/2013 12:00:00 AM
9403.11,9303.8,11/20/2013 12:00:00 AM
9432.12,9336.86,11/21/2013 12:00:00 AM
9421.8,9319.84,11/22/2013 12:00:00 AM
9414.26,9317.73,11/25/2013 12:00:00 AM
9447.86,9352.08,11/26/2013 12:00:00 AM
9474.1,9379.19,11/27/2013 12:00:00 AM
9556.07,9459.67,11/28/2013 12:00:00 AM
9588.94,9485.79,11/29/2013 12:00:00 AM
9577.22,9479.98,12/2/2013 12:00:00 AM
9465.01,9368.83,12/3/2013 12:00:00 AM
9586.86,9490.39,12/4/2013 12:00:00 AM
9620.84,9524.49,12/5/2013 12:00:00 AM
9589.92,9492.66,12/6/2013 12:00:00 AM
9608.19,9504.63,12/9/2013 12:00:00 AM
9641.4,9541.53,12/10/2013 12:00:00 AM
9659.73,9562.89,12/11/2013 12:00:00 AM
9652.56,9554.42,12/12/2013 12:00:00 AM
9664.09,9567.81,12/13/2013 12:00:00 AM
9693.25,9593.75,12/16/2013 12:00:00 AM
9693.23,9593.72,12/17/2013 12:00:00 AM
9712.1,9611.26,12/18/2013 12:00:00 AM
9713.79,9609.44,12/19/2013 12:00:00 AM
9716.54,9619.45,12/20/2013 12:00:00 AM
9722.71,9622.52,12/23/2013 12:00:00 AM
9691.32,9587.44,12/24/2013 12:00:00 AM
9719.94,9616.11,12/27/2013 12:00:00 AM
9720.16,9616.41,12/30/2013 12:00:00 AM
9679.97,9576,12/31/2013 12:00:00 AM
9733.39,9635.34,1/2/2014 12:00:00 AM
9696.18,9592.34,1/3/2014 12:00:00 AM
9691.69,9588.68,1/6/2014 12:00:00 AM
9717.69,9613.9,1/7/2014 12:00:00 AM
9676.4,9572.81,1/8/2014 12:00:00 AM
9683.35,9579.96,1/9/2014 12:00:00 AM
9647.41,9550.64,1/10/2014 12:00:00 AM
9580.6,9484.89,1/13/2014 12:00:00 AM
9552.93,9457.74,1/15/2014 12:00:00 AM
9559.62,9462.37,1/16/2014 12:00:00 AM
9573.48,9476.91,1/17/2014 12:00:00 AM
9543.64,9441.31,1/20/2014 12:00:00 AM
9554.54,9452.94,1/21/2014 12:00:00 AM
9556.98,9454.83,1/22/2014 12:00:00 AM
9544.39,9448.47,1/23/2014 12:00:00 AM
9573.65,9475.99,1/24/2014 12:00:00 AM
9598.34,9499.1,1/27/2014 12:00:00 AM
9673.57,9571.83,1/28/2014 12:00:00 AM
9600.72,9503.34,1/29/2014 12:00:00 AM
9626.29,9529.96,1/30/2014 12:00:00 AM
9642.86,9539.83,2/3/2014 12:00:00 AM
9667.01,9570.44,2/4/2014 12:00:00 AM
9642.91,9539.22,2/5/2014 12:00:00 AM
9640.27,9536.5,2/6/2014 12:00:00 AM
9652.15,9548.39,2/7/2014 12:00:00 AM
9651.88,9554.06,2/10/2014 12:00:00 AM
9639.17,9535.54,2/11/2014 12:00:00 AM
9628.34,9530.36,2/12/2014 12:00:00 AM
9574.65,9479.21,2/13/2014 12:00:00 AM
9441.94,9347.93,2/14/2014 12:00:00 AM
9351.92,9255.99,2/17/2014 12:00:00 AM
9423.56,9328.52,2/18/2014 12:00:00 AM
9426.15,9332.01,2/19/2014 12:00:00 AM
9359.23,9259.29,2/20/2014 12:00:00 AM
9363.2,9268.5,2/21/2014 12:00:00 AM
9295.74,9199.05,2/24/2014 12:00:00 AM
9246.97,9154.39,2/25/2014 12:00:00 AM
9276.22,9183.74,2/26/2014 12:00:00 AM
9269.24,9171.8,2/27/2014 12:00:00 AM
9240.5,9145.2,2/28/2014 12:00:00 AM
9194.48,9097.22,3/3/2014 12:00:00 AM
9217.99,9120.89,3/4/2014 12:00:00 AM
9160.89,9063.88,3/5/2014 12:00:00 AM
9159.17,9066.25,3/6/2014 12:00:00 AM
9062.28,8969.94,3/7/2014 12:00:00 AM
9071.27,8980.69,3/10/2014 12:00:00 AM
9032.13,8940.02,3/11/2014 12:00:00 AM
9064.3,8973.65,3/12/2014 12:00:00 AM
9035.21,8944.5,3/13/2014 12:00:00 AM
9064.92,8973.47,3/14/2014 12:00:00 AM
8952.82,8863.6,3/17/2014 12:00:00 AM
8969.23,8879.92,3/18/2014 12:00:00 AM
8990.99,8899.43,3/19/2014 12:00:00 AM
9006.21,8915.95,3/20/2014 12:00:00 AM
9004.55,8913.79,3/21/2014 12:00:00 AM
8990.96,8897.88,3/24/2014 12:00:00 AM
9003,8911.67,3/25/2014 12:00:00 AM
9043.22,8951.89,3/26/2014 12:00:00 AM
9091.27,8997.55,3/27/2014 12:00:00 AM
9098.2,9001.27,3/28/2014 12:00:00 AM
9000.4,8910.69,4/1/2014 12:00:00 AM
9018.02,8926.81,4/2/2014 12:00:00 AM
9007.85,8916.8,4/3/2014 12:00:00 AM
8995.73,8904.8,4/4/2014 12:00:00 AM
9001.27,8911.65,4/7/2014 12:00:00 AM
9019.92,8928.74,4/8/2014 12:00:00 AM
9138.94,9046.09,4/10/2014 12:00:00 AM
9208.55,9116.59,4/11/2014 12:00:00 AM
9194.18,9102.32,4/14/2014 12:00:00 AM
9168.59,9076.91,4/15/2014 12:00:00 AM
9175.45,9077.21,4/16/2014 12:00:00 AM
9179.27,9086.62,4/17/2014 12:00:00 AM
9169.06,9077.34,4/21/2014 12:00:00 AM
9204.21,9112.58,4/22/2014 12:00:00 AM
9273.89,9174.95,4/23/2014 12:00:00 AM
9291.18,9198.06,4/24/2014 12:00:00 AM
9276.73,9182.98,4/25/2014 12:00:00 AM
9254.9,9161.1,4/28/2014 12:00:00 AM
9262.76,9169.78,4/29/2014 12:00:00 AM
9224.77,9131.72,4/30/2014 12:00:00 AM
9256.75,9162.68,5/2/2014 12:00:00 AM
9244.11,9150.69,5/5/2014 12:00:00 AM
9252.98,9159.47,5/6/2014 12:00:00 AM
9283.6,9189.17,5/7/2014 12:00:00 AM
9349.34,9255.76,5/8/2014 12:00:00 AM
9311.7,9217.27,5/9/2014 12:00:00 AM
9272.97,9179.46,5/12/2014 12:00:00 AM
9253.81,9160.41,5/13/2014 12:00:00 AM
9225.61,9133.04,5/14/2014 12:00:00 AM
9165.87,9073.33,5/16/2014 12:00:00 AM
9116.92,9024.37,5/19/2014 12:00:00 AM
9190.31,9097.01,5/20/2014 12:00:00 AM
9232.06,9138,5/21/2014 12:00:00 AM
9252.48,9159.01,5/22/2014 12:00:00 AM
9278.07,9184.7,5/23/2014 12:00:00 AM
9333.39,9233.41,5/26/2014 12:00:00 AM
9295.16,9202.04,5/28/2014 12:00:00 AM
9300.97,9206.31,5/30/2014 12:00:00 AM
9394.11,9299.42,6/2/2014 12:00:00 AM
9449.67,9348.24,6/3/2014 12:00:00 AM
9431.82,9337.31,6/4/2014 12:00:00 AM
9492.48,9397.87,6/5/2014 12:00:00 AM
9482.84,9387.92,6/6/2014 12:00:00 AM
9477.68,9381.8,6/9/2014 12:00:00 AM
9486.69,9391.59,6/10/2014 12:00:00 AM
9485.05,9389.94,6/11/2014 12:00:00 AM
9502.92,9400.94,6/12/2014 12:00:00 AM
9486.42,9391.12,6/13/2014 12:00:00 AM
9492.32,9397.23,6/16/2014 12:00:00 AM
9520.08,9424.35,6/17/2014 12:00:00 AM
9604.28,9507.78,6/18/2014 12:00:00 AM
9589.24,9491.63,6/19/2014 12:00:00 AM
9626.99,9530.17,6/20/2014 12:00:00 AM
9637.14,9540.25,6/23/2014 12:00:00 AM
9653.41,9555.82,6/24/2014 12:00:00 AM
9668.05,9570.54,6/25/2014 12:00:00 AM
9730.14,9633.28,6/26/2014 12:00:00 AM
9739.77,9641.31,6/27/2014 12:00:00 AM
9633.99,9531.01,6/30/2014 12:00:00 AM
9519.11,9417.57,7/1/2014 12:00:00 AM
9557.16,9461.74,7/2/2014 12:00:00 AM
9633.81,9536.9,7/3/2014 12:00:00 AM
9581.33,9485.93,7/4/2014 12:00:00 AM
9500.36,9404.97,7/7/2014 12:00:00 AM
9431.83,9337.99,7/8/2014 12:00:00 AM
9351.43,9257.23,7/10/2014 12:00:00 AM
9405.94,9311.82,7/11/2014 12:00:00 AM
9413.52,9319.32,7/14/2014 12:00:00 AM
9470.47,9374.75,7/15/2014 12:00:00 AM
9534.68,9439.09,7/16/2014 12:00:00 AM
9448.07,9347.07,7/17/2014 12:00:00 AM
9469.58,9373.84,7/18/2014 12:00:00 AM
9371.73,9277.55,7/21/2014 12:00:00 AM
9345.21,9249.44,7/22/2014 12:00:00 AM
9326.82,9231.08,7/23/2014 12:00:00 AM
9365.61,9270.36,7/24/2014 12:00:00 AM
9389.05,9294.81,7/25/2014 12:00:00 AM
9389.05,9294.81,8/1/2014 12:00:00 AM
9478.92,9376.65,8/4/2014 12:00:00 AM
9463.88,9368.43,8/5/2014 12:00:00 AM
9466.39,9371.09,8/6/2014 12:00:00 AM
9469.85,9374.6,8/7/2014 12:00:00 AM
9475.24,9380.38,8/8/2014 12:00:00 AM
9434.88,9333.71,8/11/2014 12:00:00 AM
9389.5,9295.2,8/12/2014 12:00:00 AM
9393.55,9300,8/13/2014 12:00:00 AM
9391.27,9297.61,8/14/2014 12:00:00 AM
9430.22,9336.38,8/15/2014 12:00:00 AM
9427.4,9332.74,8/18/2014 12:00:00 AM
9434.27,9340.3,8/19/2014 12:00:00 AM
9433.93,9338.57,8/20/2014 12:00:00 AM
9408.01,9312.25,8/21/2014 12:00:00 AM
9380.86,9280.51,8/22/2014 12:00:00 AM
9412.38,9317.29,8/25/2014 12:00:00 AM
9416.94,9319.58,8/26/2014 12:00:00 AM
9424.91,9324.42,8/27/2014 12:00:00 AM
9426.69,9327.56,8/28/2014 12:00:00 AM
9429.85,9334.61,8/29/2014 12:00:00 AM
9421.23,9325.28,9/1/2014 12:00:00 AM
9422.34,9326.57,9/2/2014 12:00:00 AM
9448.57,9353.65,9/3/2014 12:00:00 AM
9446.89,9351.82,9/4/2014 12:00:00 AM
9427.75,9332.96,9/5/2014 12:00:00 AM
9402.23,9306.58,9/8/2014 12:00:00 AM
9376.89,9282.48,9/9/2014 12:00:00 AM
9369.36,9275.26,9/10/2014 12:00:00 AM
9406.65,9312.55,9/11/2014 12:00:00 AM
9395.5,9301.52,9/12/2014 12:00:00 AM
9432.5,9337.02,9/15/2014 12:00:00 AM
9477.9,9382.08,9/16/2014 12:00:00 AM
9488.62,9391.99,9/17/2014 12:00:00 AM
9532.45,9433.37,9/18/2014 12:00:00 AM
9498.46,9402.35,9/19/2014 12:00:00 AM
9511.46,9412.88,9/22/2014 12:00:00 AM
9502.29,9406.15,9/23/2014 12:00:00 AM
9495.11,9399.7,9/24/2014 12:00:00 AM
9475.97,9380.52,9/25/2014 12:00:00 AM
9493.35,9398.21,9/26/2014 12:00:00 AM
9565.73,9469.18,9/29/2014 12:00:00 AM
9633.44,9536.93,9/30/2014 12:00:00 AM
9595.02,9492.76,10/1/2014 12:00:00 AM
9592.61,9492.92,10/2/2014 12:00:00 AM
9592.86,9490.26,10/3/2014 12:00:00 AM
9588.28,9492.23,10/6/2014 12:00:00 AM
9589.07,9489.87,10/7/2014 12:00:00 AM
9627.48,9530.52,10/8/2014 12:00:00 AM
9635.83,9538.38,10/9/2014 12:00:00 AM
9658.32,9560.77,10/10/2014 12:00:00 AM
9648.31,9549.32,10/13/2014 12:00:00 AM
9657.24,9559.6,10/14/2014 12:00:00 AM
9624.12,9527.84,10/15/2014 12:00:00 AM
9654.52,9550.99,10/16/2014 12:00:00 AM
9649.62,9553.02,10/17/2014 12:00:00 AM
9510.37,9411.63,10/20/2014 12:00:00 AM
9493.54,9391.63,10/21/2014 12:00:00 AM
9513.54,9410.93,10/22/2014 12:00:00 AM
9516.84,9415,10/23/2014 12:00:00 AM
9500.86,9406.1,10/24/2014 12:00:00 AM
9494.74,9399.86,10/27/2014 12:00:00 AM
9588.79,9492.31,10/28/2014 12:00:00 AM
9611.57,9508.17,10/29/2014 12:00:00 AM
9577,9473.27,10/30/2014 12:00:00 AM
9502.27,9406.89,10/31/2014 12:00:00 AM
9452.26,9356.02,11/3/2014 12:00:00 AM
9452.59,9356.54,11/4/2014 12:00:00 AM
9428.93,9335.09,11/5/2014 12:00:00 AM
9469.29,9367.66,11/6/2014 12:00:00 AM
9430.76,9329.32,11/7/2014 12:00:00 AM
9469.8,9374.37,11/10/2014 12:00:00 AM
9477.44,9382.12,11/11/2014 12:00:00 AM
9496.75,9398.65,11/12/2014 12:00:00 AM
9494.73,9398.73,11/13/2014 12:00:00 AM
9487.24,9385.63,11/14/2014 12:00:00 AM
9466.2,9368.34,11/17/2014 12:00:00 AM
9408.82,9311.2,11/18/2014 12:00:00 AM
9375.96,9279.94,11/19/2014 12:00:00 AM
9392.87,9294.82,11/20/2014 12:00:00 AM
9416.02,9320.6,11/21/2014 12:00:00 AM
9378.75,9281.26,11/24/2014 12:00:00 AM
9390.94,9291.53,11/25/2014 12:00:00 AM
9400.05,9299.05,11/26/2014 12:00:00 AM
9429.89,9332.31,11/27/2014 12:00:00 AM
9414.7,9317.41,11/28/2014 12:00:00 AM
9419.9,9325.23,12/1/2014 12:00:00 AM
9448.57,9347.98,12/2/2014 12:00:00 AM
9425.59,9330.38,12/3/2014 12:00:00 AM
9430.94,9335.77,12/4/2014 12:00:00 AM
9406.26,9311.97,12/5/2014 12:00:00 AM
9391.74,9296.52,12/8/2014 12:00:00 AM
9397.91,9295.55,12/9/2014 12:00:00 AM
9412.39,9317.54,12/10/2014 12:00:00 AM
9461.96,9366.61,12/11/2014 12:00:00 AM
9517.79,9422.61,12/12/2014 12:00:00 AM
9645.03,9547.6,12/15/2014 12:00:00 AM
9888.64,9788,12/16/2014 12:00:00 AM
9811.2,9709.24,12/17/2014 12:00:00 AM
9617.67,9520.26,12/18/2014 12:00:00 AM
9571.08,9468.6,12/19/2014 12:00:00 AM
9502.7,9406.98,12/22/2014 12:00:00 AM
9489.8,9393.66,12/23/2014 12:00:00 AM
9471.58,9370.75,12/24/2014 12:00:00 AM
9454.49,9353.59,12/29/2014 12:00:00 AM
9429.61,9332.53,12/30/2014 12:00:00 AM
9470.49,9373.72,12/31/2014 12:00:00 AM
9455.42,9355.54,1/2/2015 12:00:00 AM
9487.81,9386.29,1/5/2015 12:00:00 AM
9542.42,9441.53,1/6/2015 12:00:00 AM
9567.1,9470.69,1/7/2015 12:00:00 AM
9560.64,9463.58,1/8/2015 12:00:00 AM
9504.68,9404.77,1/9/2015 12:00:00 AM
9477.75,9382.5,1/12/2015 12:00:00 AM
9490.67,9394.89,1/13/2015 12:00:00 AM
9467.58,9370.41,1/14/2015 12:00:00 AM
9506.67,9410.79,1/15/2015 12:00:00 AM
9565.41,9463.03,1/16/2015 12:00:00 AM
9555.22,9458.81,1/19/2015 12:00:00 AM
9512.49,9416.87,1/20/2015 12:00:00 AM
9429.87,9333.63,1/21/2015 12:00:00 AM
9375.84,9279.45,1/22/2015 12:00:00 AM
9355.88,9261.03,1/23/2015 12:00:00 AM
9354.55,9260.17,1/26/2015 12:00:00 AM
9342.21,9249.26,1/27/2015 12:00:00 AM
9291.32,9198.22,1/28/2015 12:00:00 AM
9300.5,9199.85,1/29/2015 12:00:00 AM
9385.31,9291.42,1/30/2015 12:00:00 AM
9438.73,9337.18,2/2/2015 12:00:00 AM
9416.04,9315.07,2/3/2015 12:00:00 AM
9418.76,9321.64,2/4/2015 12:00:00 AM
9436.73,9339.76,2/5/2015 12:00:00 AM
9431.55,9336.41,2/6/2015 12:00:00 AM
9421.77,9327.91,2/9/2015 12:00:00 AM
9392.42,9295.85,2/10/2015 12:00:00 AM
9417.15,9319.27,2/11/2015 12:00:00 AM
9448.85,9354.1,2/12/2015 12:00:00 AM
9454.8,9353.6,2/13/2015 12:00:00 AM
9459.3,9358.53,2/16/2015 12:00:00 AM
9455.71,9359.24,2/17/2015 12:00:00 AM
9484.78,9389.74,2/18/2015 12:00:00 AM
9513.04,9411.81,2/20/2015 12:00:00 AM
9470.47,9370.82,2/23/2015 12:00:00 AM
9508.75,9407.7,2/24/2015 12:00:00 AM
9549.48,9448.82,2/25/2015 12:00:00 AM
9545.12,9443.62,2/26/2015 12:00:00 AM
9528.27,9432.53,2/27/2015 12:00:00 AM
9577.53,9476.62,3/2/2015 12:00:00 AM
9553.39,9455.97,3/3/2015 12:00:00 AM
9556.22,9453.93,3/4/2015 12:00:00 AM
9562.33,9466.65,3/5/2015 12:00:00 AM
9527.56,9426.44,3/6/2015 12:00:00 AM
9493.19,9397.71,3/9/2015 12:00:00 AM
9486.09,9390.76,3/10/2015 12:00:00 AM
9546.14,9450.22,3/11/2015 12:00:00 AM
9546.54,9444.56,3/12/2015 12:00:00 AM
9591.93,9495.04,3/13/2015 12:00:00 AM
9560.87,9465.33,3/16/2015 12:00:00 AM
9559.3,9462.88,3/17/2015 12:00:00 AM
9530.33,9434.56,3/18/2015 12:00:00 AM
9497.97,9398.05,3/19/2015 12:00:00 AM
9487.36,9386.72,3/20/2015 12:00:00 AM
9528.68,9430.99,3/23/2015 12:00:00 AM
9530.67,9428.74,3/24/2015 12:00:00 AM
9515.34,9412.58,3/25/2015 12:00:00 AM
9538.69,9442.42,3/26/2015 12:00:00 AM
9583.21,9480.71,3/27/2015 12:00:00 AM
9578.3,9476.71,3/30/2015 12:00:00 AM
9555.96,9460.11,3/31/2015 12:00:00 AM
9577.67,9475.76,4/1/2015 12:00:00 AM
9590.4,9489.4,4/2/2015 12:00:00 AM
9617.01,9513.85,4/6/2015 12:00:00 AM
9627.36,9529.32,4/7/2015 12:00:00 AM
9616.57,9513.2,4/8/2015 12:00:00 AM
9618.59,9515.67,4/9/2015 12:00:00 AM
9555.2,9451.8,4/10/2015 12:00:00 AM
9508.15,9412.45,4/13/2015 12:00:00 AM
9572.17,9474.69,4/14/2015 12:00:00 AM
9577,9480.14,4/15/2015 12:00:00 AM
9528.8,9433.57,4/16/2015 12:00:00 AM
9579.81,9483.55,4/17/2015 12:00:00 AM
9617.93,9521.37,4/20/2015 12:00:00 AM
9634.1,9534.28,4/21/2015 12:00:00 AM
9638.65,9541.69,4/22/2015 12:00:00 AM
9646.88,9549.03,4/23/2015 12:00:00 AM
9700.18,9601.79,4/24/2015 12:00:00 AM
9747.8,9644.44,4/27/2015 12:00:00 AM
9816.36,9714.87,4/28/2015 12:00:00 AM
9865.22,9760.88,4/29/2015 12:00:00 AM
9844.78,9745.61,4/30/2015 12:00:00 AM
9831.71,9727.46,5/4/2015 12:00:00 AM
9793.74,9694.79,5/5/2015 12:00:00 AM
9858.57,9753.44,5/6/2015 12:00:00 AM
9890.03,9791.37,5/7/2015 12:00:00 AM
9938.46,9837.18,5/8/2015 12:00:00 AM
9899.37,9793.62,5/11/2015 12:00:00 AM
9914.08,9812.52,5/12/2015 12:00:00 AM
9932.55,9832.16,5/13/2015 12:00:00 AM
9956.86,9851.01,5/15/2015 12:00:00 AM
9965.98,9865.44,5/18/2015 12:00:00 AM
9969.15,9862.41,5/19/2015 12:00:00 AM
9916.09,9814.98,5/20/2015 12:00:00 AM
9909.27,9803.69,5/21/2015 12:00:00 AM
9907.69,9807.89,5/22/2015 12:00:00 AM
9901.37,9799.09,5/25/2015 12:00:00 AM
9861.65,9762.74,5/26/2015 12:00:00 AM
9845.23,9746.04,5/27/2015 12:00:00 AM
9828.91,9730.43,5/28/2015 12:00:00 AM
9858.91,9753.65,5/29/2015 12:00:00 AM
9848.89,9749.67,6/1/2015 12:00:00 AM
9846.31,9746.86,6/3/2015 12:00:00 AM
9895.9,9794.84,6/4/2015 12:00:00 AM
9912.41,9807.15,6/5/2015 12:00:00 AM
9884.42,9780.02,6/8/2015 12:00:00 AM
9922.42,9821.23,6/9/2015 12:00:00 AM
9903.16,9801.92,6/10/2015 12:00:00 AM
9932.34,9827.61,6/11/2015 12:00:00 AM
9956.11,9855.7,6/12/2015 12:00:00 AM
9944.34,9843.44,6/15/2015 12:00:00 AM
9953.94,9847.82,6/16/2015 12:00:00 AM
9999.26,9895.83,6/17/2015 12:00:00 AM
10030.67,9929.68,6/18/2015 12:00:00 AM
10046.52,9937.78,6/19/2015 12:00:00 AM
10036.74,9935.52,6/22/2015 12:00:00 AM
10003.74,9895.44,6/23/2015 12:00:00 AM
9946.34,9842.1,6/24/2015 12:00:00 AM
9962.8,9861.63,6/25/2015 12:00:00 AM
9981.38,9880.87,6/26/2015 12:00:00 AM
9921.65,9821.15,6/29/2015 12:00:00 AM
9945.08,9844.16,6/30/2015 12:00:00 AM
9950.24,9849.99,7/1/2015 12:00:00 AM
9913.47,9812.91,7/2/2015 12:00:00 AM
9917.01,9814.8,7/3/2015 12:00:00 AM
9937.06,9836.38,7/6/2015 12:00:00 AM
9901.58,9800.96,7/7/2015 12:00:00 AM
9891.59,9791.33,7/8/2015 12:00:00 AM
9939.98,9834.12,7/9/2015 12:00:00 AM
9915.46,9814.64,7/10/2015 12:00:00 AM
9899.35,9794.38,7/13/2015 12:00:00 AM
9844.83,9744.85,7/14/2015 12:00:00 AM
9857.97,9752.19,7/15/2015 12:00:00 AM
9840.33,9740.75,7/22/2015 12:00:00 AM
9853.6,9748.37,7/23/2015 12:00:00 AM
9858.49,9757.18,7/24/2015 12:00:00 AM
9873.66,9770.09,7/27/2015 12:00:00 AM
9894.67,9795.22,7/28/2015 12:00:00 AM
9918.51,9814.38,7/29/2015 12:00:00 AM
9883.89,9782.47,7/30/2015 12:00:00 AM
9863.13,9764.16,7/31/2015 12:00:00 AM
9873.3,9775.01,8/3/2015 12:00:00 AM
9827.54,9724.8,8/4/2015 12:00:00 AM
9799.47,9695.77,8/5/2015 12:00:00 AM
9825.84,9721.24,8/6/2015 12:00:00 AM
9822.38,9716.47,8/7/2015 12:00:00 AM
9833.74,9727.7,8/10/2015 12:00:00 AM
9773.77,9668.46,8/11/2015 12:00:00 AM
9793.88,9694.76,8/12/2015 12:00:00 AM
9910.34,9805.72,8/13/2015 12:00:00 AM
9878.59,9777.94,8/14/2015 12:00:00 AM
9887.61,9788.05,8/18/2015 12:00:00 AM
9912.24,9810.28,8/19/2015 12:00:00 AM
9928.61,9823.07,8/20/2015 12:00:00 AM
9917.61,9812.63,8/21/2015 12:00:00 AM
9937.84,9836.85,8/24/2015 12:00:00 AM
10057.63,9956.61,8/25/2015 12:00:00 AM
10096.89,9987.9,8/26/2015 12:00:00 AM
10139.25,10029.97,8/27/2015 12:00:00 AM
10051.4,9950.04,8/28/2015 12:00:00 AM
9987.96,9886.66,8/31/2015 12:00:00 AM
10046.86,9939.7,9/1/2015 12:00:00 AM
10053.1,9944.81,9/2/2015 12:00:00 AM
10048.01,9946.35,9/3/2015 12:00:00 AM
10057.17,9954.13,9/4/2015 12:00:00 AM
10045.65,9944.53,9/7/2015 12:00:00 AM
10051.81,9950.3,9/8/2015 12:00:00 AM
10130.21,10024.05,9/9/2015 12:00:00 AM
10127.35,10025.33,9/10/2015 12:00:00 AM
10193.55,10085.02,9/11/2015 12:00:00 AM
10214.31,10110.69,9/14/2015 12:00:00 AM
10301.71,10191.73,9/15/2015 12:00:00 AM
10369.36,10260.62,9/16/2015 12:00:00 AM
10387.64,10283.18,9/17/2015 12:00:00 AM
10401.46,10291.05,9/18/2015 12:00:00 AM
10332.98,10229.8,9/21/2015 12:00:00 AM
10313.85,10210.38,9/22/2015 12:00:00 AM
10358.05,10249.37,9/23/2015 12:00:00 AM
10362.18,10251.79,9/25/2015 12:00:00 AM
10356.94,10248.09,9/28/2015 12:00:00 AM
10334.43,10228.95,9/29/2015 12:00:00 AM
10327.42,10221.47,9/30/2015 12:00:00 AM
10341.27,10234.44,10/1/2015 12:00:00 AM
10309.65,10202.87,10/2/2015 12:00:00 AM
10248.59,10145.22,10/5/2015 12:00:00 AM
10165.27,10057.63,10/6/2015 12:00:00 AM
9929.05,9829.33,10/7/2015 12:00:00 AM
9825.13,9720.55,10/8/2015 12:00:00 AM
9708.51,9609.97,10/9/2015 12:00:00 AM
9654.02,9557.06,10/12/2015 12:00:00 AM
9714.8,9610.97,10/13/2015 12:00:00 AM
9702.12,9603.43,10/15/2015 12:00:00 AM
9852.95,9750.91,10/16/2015 12:00:00 AM
9848.28,9747.91,10/19/2015 12:00:00 AM
9867.49,9768.15,10/20/2015 12:00:00 AM
9902.87,9801.5,10/21/2015 12:00:00 AM
9850.53,9746.5,10/22/2015 12:00:00 AM
9784.22,9680.54,10/23/2015 12:00:00 AM
9812.5,9713.77,10/26/2015 12:00:00 AM
9827.76,9726.67,10/27/2015 12:00:00 AM
9808.81,9709.34,10/28/2015 12:00:00 AM
9720.44,9617.96,10/29/2015 12:00:00 AM
9784.42,9680.43,10/30/2015 12:00:00 AM
9818.62,9720.12,11/2/2015 12:00:00 AM
9780.23,9681.48,11/3/2015 12:00:00 AM
9700.27,9600.75,11/4/2015 12:00:00 AM
9747.59,9647.18,11/5/2015 12:00:00 AM
9687.01,9588.22,11/6/2015 12:00:00 AM
9675.72,9578.7,11/9/2015 12:00:00 AM
9622.47,9521.5,11/10/2015 12:00:00 AM
9615.22,9514.02,11/11/2015 12:00:00 AM
9626.05,9527.4,11/12/2015 12:00:00 AM
9658.11,9555.51,11/13/2015 12:00:00 AM
9698.52,9599.52,11/16/2015 12:00:00 AM
9690.58,9588.14,11/17/2015 12:00:00 AM
9706.67,9603.09,11/18/2015 12:00:00 AM
9772.89,9672.14,11/19/2015 12:00:00 AM
9767.97,9664.88,11/20/2015 12:00:00 AM
9709.37,9610.72,11/23/2015 12:00:00 AM
9745.62,9644.7,11/24/2015 12:00:00 AM
9773.81,9673.63,11/25/2015 12:00:00 AM
9819.99,9714.2,11/26/2015 12:00:00 AM
9809.02,9706.91,11/27/2015 12:00:00 AM
9835.94,9731.47,11/30/2015 12:00:00 AM
9854.42,9749.5,12/1/2015 12:00:00 AM
9826.58,9726.43,12/2/2015 12:00:00 AM
9851.32,9752.23,12/3/2015 12:00:00 AM
9953.46,9849.72,12/4/2015 12:00:00 AM
9932.15,9826.56,12/7/2015 12:00:00 AM
9906.08,9801.61,12/8/2015 12:00:00 AM
10001.43,9898.76,12/10/2015 12:00:00 AM
9967.27,9861.33,12/11/2015 12:00:00 AM
10013.45,9907.34,12/14/2015 12:00:00 AM
10033.36,9929.76,12/15/2015 12:00:00 AM
10043.39,9940.98,12/16/2015 12:00:00 AM
9969.59,9868.5,12/17/2015 12:00:00 AM
9960.45,9854.6,12/18/2015 12:00:00 AM
9879.53,9775.5,12/21/2015 12:00:00 AM
9731.17,9630.34,12/22/2015 12:00:00 AM
9760.82,9661.95,12/23/2015 12:00:00 AM
9748.93,9646.03,12/28/2015 12:00:00 AM
9738.9,9638.3,12/29/2015 12:00:00 AM
9798.56,9695.54,12/30/2015 12:00:00 AM
9801.34,9701.04,12/31/2015 12:00:00 AM
9809.66,9707.29,1/4/2016 12:00:00 AM
9832.85,9731.8,1/5/2016 12:00:00 AM
9741.98,9642.11,1/6/2016 12:00:00 AM
9746.19,9642.81,1/7/2016 12:00:00 AM
9740.81,9642.38,1/8/2016 12:00:00 AM
9731.1,9630.48,1/11/2016 12:00:00 AM
9674.37,9571.69,1/12/2016 12:00:00 AM
9714.09,9614.5,1/13/2016 12:00:00 AM
9692.8,9594.89,1/14/2016 12:00:00 AM
9705.13,9607.15,1/15/2016 12:00:00 AM
9731.03,9632.38,1/18/2016 12:00:00 AM
9723.4,9620.75,1/19/2016 12:00:00 AM
9713.43,9611.43,1/20/2016 12:00:00 AM
9716.87,9619.53,1/21/2016 12:00:00 AM
9729.94,9630.28,1/22/2016 12:00:00 AM
9753.93,9654.47,1/25/2016 12:00:00 AM
9769.98,9670.74,1/26/2016 12:00:00 AM
9778.34,9676.11,1/27/2016 12:00:00 AM
9759.47,9660.96,1/28/2016 12:00:00 AM
9758.75,9655.87,1/29/2016 12:00:00 AM
9666.48,9564.27,2/1/2016 12:00:00 AM
9624.55,9526.25,2/2/2016 12:00:00 AM
9663.13,9564.67,2/3/2016 12:00:00 AM
9701.81,9604.35,2/4/2016 12:00:00 AM
9797.91,9698.72,2/5/2016 12:00:00 AM
9783.8,9682.26,2/9/2016 12:00:00 AM
9741.53,9641.4,2/10/2016 12:00:00 AM
9688.49,9584.95,2/11/2016 12:00:00 AM
9711.62,9612.74,2/12/2016 12:00:00 AM
9670.81,9573.75,2/15/2016 12:00:00 AM
9567.33,9466.25,2/16/2016 12:00:00 AM
9657.72,9557.55,2/17/2016 12:00:00 AM
9648.84,9551.35,2/18/2016 12:00:00 AM
9669.79,9568.46,2/19/2016 12:00:00 AM
9632.56,9535.78,2/22/2016 12:00:00 AM
9611.65,9509.2,2/23/2016 12:00:00 AM
9604.12,9501.46,2/24/2016 12:00:00 AM
9617.66,9520.72,2/25/2016 12:00:00 AM
9619.97,9522.21,2/26/2016 12:00:00 AM
9542.78,9442.44,2/29/2016 12:00:00 AM
9569.74,9472.26,3/1/2016 12:00:00 AM
9544.22,9447.3,3/2/2016 12:00:00 AM
9581.54,9479.81,3/3/2016 12:00:00 AM
9533.59,9431.64,3/4/2016 12:00:00 AM
9509.08,9409.2,3/7/2016 12:00:00 AM
9533.93,9435.13,3/8/2016 12:00:00 AM
9556.7,9459.87,3/10/2016 12:00:00 AM
9539.42,9437.6,3/11/2016 12:00:00 AM
9531.61,9435.54,3/14/2016 12:00:00 AM
9545.65,9445.81,3/15/2016 12:00:00 AM
9598.93,9496.3,3/16/2016 12:00:00 AM
9681.72,9581.63,3/17/2016 12:00:00 AM
9698.25,9595,3/18/2016 12:00:00 AM
9728.58,9627.23,3/21/2016 12:00:00 AM
9721.02,9621.28,3/22/2016 12:00:00 AM
9729.43,9630.96,3/23/2016 12:00:00 AM
9737.48,9633.91,3/24/2016 12:00:00 AM
9755.92,9656.88,3/28/2016 12:00:00 AM
9822.28,9718.59,3/29/2016 12:00:00 AM
9898.99,9797.3,3/30/2016 12:00:00 AM
9882.23,9777.94,3/31/2016 12:00:00 AM
9824.48,9725.29,4/1/2016 12:00:00 AM
9799.72,9698.21,4/4/2016 12:00:00 AM
9803.68,9699.09,4/5/2016 12:00:00 AM
9811,9712.11,4/6/2016 12:00:00 AM
9844.86,9744.71,4/7/2016 12:00:00 AM
9789.93,9690.13,4/8/2016 12:00:00 AM
9803.19,9698.68,4/11/2016 12:00:00 AM
9812.51,9710.69,4/12/2016 12:00:00 AM
9796.78,9696.41,4/13/2016 12:00:00 AM
9775.88,9676.04,4/14/2016 12:00:00 AM
9717.98,9615.38,4/15/2016 12:00:00 AM
9771,9670.96,4/18/2016 12:00:00 AM
9783.83,9682.53,4/19/2016 12:00:00 AM
9850.74,9747.86,4/20/2016 12:00:00 AM
9848.35,9742.98,4/21/2016 12:00:00 AM
9827,9725.38,4/22/2016 12:00:00 AM
9827.84,9723.84,4/25/2016 12:00:00 AM
9813.79,9709.07,4/26/2016 12:00:00 AM
9816.12,9712.49,4/27/2016 12:00:00 AM
9842.02,9738.34,4/28/2016 12:00:00 AM
9882.34,9781.85,4/29/2016 12:00:00 AM
9872.66,9772.19,5/2/2016 12:00:00 AM
9871.64,9770.22,5/3/2016 12:00:00 AM
9839.6,9735.56,5/4/2016 12:00:00 AM
9796.73,9699.15,5/9/2016 12:00:00 AM
9774.6,9675.44,5/10/2016 12:00:00 AM
9740.01,9642.21,5/11/2016 12:00:00 AM
9771.17,9669,5/12/2016 12:00:00 AM
9737.24,9633.4,5/13/2016 12:00:00 AM
9766.68,9663.34,5/16/2016 12:00:00 AM
9766.52,9663.55,5/17/2016 12:00:00 AM
9753.72,9655.37,5/18/2016 12:00:00 AM
9798.73,9696.09,5/19/2016 12:00:00 AM
9896.97,9794.75,5/20/2016 12:00:00 AM
9918.04,9813.71,5/23/2016 12:00:00 AM
9900.09,9800.2,5/24/2016 12:00:00 AM
9943.55,9842.98,5/25/2016 12:00:00 AM
9946.93,9846.63,5/26/2016 12:00:00 AM
9929.4,9828.99,5/27/2016 12:00:00 AM
9918.25,9814.17,5/30/2016 12:00:00 AM
9923.85,9823.79,5/31/2016 12:00:00 AM
9970.25,9870.12,6/1/2016 12:00:00 AM
10008,9906.22,6/2/2016 12:00:00 AM
9948.37,9846.6,6/3/2016 12:00:00 AM
9952.24,9852.34,6/6/2016 12:00:00 AM
9895.47,9793.22,6/7/2016 12:00:00 AM
9841,9736.9,6/8/2016 12:00:00 AM
9869.37,9769.22,6/9/2016 12:00:00 AM
9878.88,9774.14,6/10/2016 12:00:00 AM
9855.92,9754.56,6/13/2016 12:00:00 AM
9847.19,9748.3,6/14/2016 12:00:00 AM
9921.89,9820.26,6/15/2016 12:00:00 AM
9909,9802.62,6/16/2016 12:00:00 AM
9959.2,9853.94,6/17/2016 12:00:00 AM
9912.97,9808.94,6/20/2016 12:00:00 AM
9940.44,9840.7,6/21/2016 12:00:00 AM
9947.15,9847.44,6/22/2016 12:00:00 AM
9965.61,9859.57,6/23/2016 12:00:00 AM
9870.72,9765.28,6/24/2016 12:00:00 AM
9973.53,9867.72,6/27/2016 12:00:00 AM
9815.8,9716.39,6/28/2016 12:00:00 AM
9784.81,9680.04,6/29/2016 12:00:00 AM
9820.58,9720.55,6/30/2016 12:00:00 AM
9832.14,9730.49,7/1/2016 12:00:00 AM
9832.14,9730.49,7/4/2016 12:00:00 AM
9794.13,9692.42,7/11/2016 12:00:00 AM
9797.63,9694.03,7/12/2016 12:00:00 AM
9761.89,9661.87,7/13/2016 12:00:00 AM
9761.04,9663.13,7/14/2016 12:00:00 AM
9795.9,9693.29,7/15/2016 12:00:00 AM
9781.77,9678.04,7/18/2016 12:00:00 AM
9739.32,9637.33,7/19/2016 12:00:00 AM
9717.32,9612.8,7/20/2016 12:00:00 AM
9706.34,9602.82,7/21/2016 12:00:00 AM
9715.21,9616.41,7/22/2016 12:00:00 AM
9696.64,9598.27,7/25/2016 12:00:00 AM
9716.93,9616.35,7/26/2016 12:00:00 AM
9718.66,9617.9,7/27/2016 12:00:00 AM
9751.39,9650.15,7/28/2016 12:00:00 AM
9749.57,9648.97,7/29/2016 12:00:00 AM
9807.51,9706.89,8/1/2016 12:00:00 AM
9781.95,9678.71,8/2/2016 12:00:00 AM
9835.09,9732.96,8/3/2016 12:00:00 AM
9846.38,9747.22,8/4/2016 12:00:00 AM
9838.16,9733.9,8/5/2016 12:00:00 AM
9802.61,9703.94,8/8/2016 12:00:00 AM
9788.64,9685,8/9/2016 12:00:00 AM
9838.13,9733.86,8/10/2016 12:00:00 AM
9827.01,9722.78,8/11/2016 12:00:00 AM
9808.09,9704.13,8/12/2016 12:00:00 AM
9788.45,9689.03,8/15/2016 12:00:00 AM
9805.57,9702.95,8/16/2016 12:00:00 AM
9835.82,9735.13,8/18/2016 12:00:00 AM
9821.96,9716.39,8/19/2016 12:00:00 AM
9818.63,9713.72,8/22/2016 12:00:00 AM
9837.79,9735.69,8/23/2016 12:00:00 AM
9845.49,9744.31,8/24/2016 12:00:00 AM
9854.4,9750.35,8/25/2016 12:00:00 AM
9843.2,9738.36,8/26/2016 12:00:00 AM
9807.4,9703.94,8/29/2016 12:00:00 AM
9793.49,9692.92,8/30/2016 12:00:00 AM
9810.64,9705.88,8/31/2016 12:00:00 AM
9793.63,9690.99,9/1/2016 12:00:00 AM
9803.59,9702.92,9/2/2016 12:00:00 AM
9761.54,9662.96,9/5/2016 12:00:00 AM
9747.26,9643.59,9/6/2016 12:00:00 AM
9763.18,9663.08,9/7/2016 12:00:00 AM
9763.25,9665.33,9/8/2016 12:00:00 AM
9734.33,9631,9/9/2016 12:00:00 AM
9737,9639.04,9/13/2016 12:00:00 AM
9734.2,9635.43,9/14/2016 12:00:00 AM
9716.34,9618.18,9/15/2016 12:00:00 AM
9680.19,9579.85,9/16/2016 12:00:00 AM
9695.15,9594.9,9/19/2016 12:00:00 AM
9696.08,9598.47,9/20/2016 12:00:00 AM
9701.91,9604.29,9/21/2016 12:00:00 AM
9730.91,9629.11,9/22/2016 12:00:00 AM
9688.65,9592.26,9/23/2016 12:00:00 AM
9662.5,9559.88,9/26/2016 12:00:00 AM
9622.93,9523.88,9/27/2016 12:00:00 AM
9547.99,9448.98,9/28/2016 12:00:00 AM
9567.1,9465.99,9/29/2016 12:00:00 AM
9572.07,9471.26,9/30/2016 12:00:00 AM
9585.78,9483.52,10/3/2016 12:00:00 AM
9542.36,9443.88,10/4/2016 12:00:00 AM
9530.76,9430.38,10/5/2016 12:00:00 AM
9534.14,9437.83,10/6/2016 12:00:00 AM
9521.28,9425.18,10/7/2016 12:00:00 AM
9496.54,9396.34,10/10/2016 12:00:00 AM
9473.95,9375.54,10/11/2016 12:00:00 AM
9500.58,9400.75,10/12/2016 12:00:00 AM
9459.58,9363.62,10/13/2016 12:00:00 AM
9463.73,9368.55,10/14/2016 12:00:00 AM
9427.28,9328.5,10/17/2016 12:00:00 AM
9449.97,9354.91,10/18/2016 12:00:00 AM
9424.66,9327.57,10/19/2016 12:00:00 AM
9408.71,9313.75,10/20/2016 12:00:00 AM
9383.96,9287.4,10/21/2016 12:00:00 AM
9411.43,9314.77,10/24/2016 12:00:00 AM
9393.48,9298.84,10/25/2016 12:00:00 AM
9406.6,9311.64,10/26/2016 12:00:00 AM
9412.61,9312.45,10/27/2016 12:00:00 AM
9409.44,9312.82,10/28/2016 12:00:00 AM
9419.03,9324.33,10/31/2016 12:00:00 AM
9419.76,9324.95,11/1/2016 12:00:00 AM
9438.29,9343.45,11/2/2016 12:00:00 AM
9484.38,9386.97,11/3/2016 12:00:00 AM
9506.24,9410.28,11/4/2016 12:00:00 AM
9471.9,9374.86,11/7/2016 12:00:00 AM
9457.23,9360.4,11/8/2016 12:00:00 AM
9471.3,9374.28,11/9/2016 12:00:00 AM
9431.96,9336.19,11/10/2016 12:00:00 AM
9496.07,9399.24,11/11/2016 12:00:00 AM
9485.62,9389.61,11/14/2016 12:00:00 AM
9478.19,9382.11,11/15/2016 12:00:00 AM
9495.96,9400.44,11/16/2016 12:00:00 AM
9509.4,9406.7,11/17/2016 12:00:00 AM
9451.5,9350.95,11/18/2016 12:00:00 AM
9477.19,9376.58,11/21/2016 12:00:00 AM
9486.67,9391.13,11/22/2016 12:00:00 AM
9509.09,9409.04,11/23/2016 12:00:00 AM
9483.59,9382.92,11/24/2016 12:00:00 AM
9526.4,9428.77,11/25/2016 12:00:00 AM
9521.6,9420.7,11/28/2016 12:00:00 AM
9558.47,9461.01,11/29/2016 12:00:00 AM
9575.02,9476.16,11/30/2016 12:00:00 AM
9528.13,9431.88,12/1/2016 12:00:00 AM
9525.54,9428.91,12/2/2016 12:00:00 AM
9525.95,9429.25,12/5/2016 12:00:00 AM
9498.03,9396.93,12/6/2016 12:00:00 AM
9425.46,9329.26,12/7/2016 12:00:00 AM
9441.46,9345.52,12/8/2016 12:00:00 AM
9414.9,9318.82,12/9/2016 12:00:00 AM
9389.3,9293.94,12/13/2016 12:00:00 AM
9367.81,9268.69,12/14/2016 12:00:00 AM
9355.15,9258.61,12/15/2016 12:00:00 AM
9357.14,9259.08,12/16/2016 12:00:00 AM
9315.6,9217.67,12/19/2016 12:00:00 AM
9293.01,9199.23,12/20/2016 12:00:00 AM
9377.38,9279.44,12/21/2016 12:00:00 AM
9347.18,9253.13,12/22/2016 12:00:00 AM
9368.81,9271.58,12/23/2016 12:00:00 AM
9325.92,9227.64,12/27/2016 12:00:00 AM
9333.52,9234.59,12/28/2016 12:00:00 AM
9343.09,9247.43,12/29/2016 12:00:00 AM
9345.93,9251.9,12/30/2016 12:00:00 AM
9345.93,9251.9,12/31/2016 12:00:00 AM
9365.58,9269.14,1/3/2017 12:00:00 AM
9343.31,9249.6,1/4/2017 12:00:00 AM
9339.03,9241.4,1/5/2017 12:00:00 AM
9376.49,9280.87,1/6/2017 12:00:00 AM
9342.96,9246.68,1/9/2017 12:00:00 AM
9328.27,9231.68,1/10/2017 12:00:00 AM
9324.05,9229.48,1/11/2017 12:00:00 AM
9355.47,9261.05,1/12/2017 12:00:00 AM
9368.87,9273.06,1/13/2017 12:00:00 AM
9391.23,9294.21,1/16/2017 12:00:00 AM
9409.46,9313.75,1/17/2017 12:00:00 AM
9441.74,9341.36,1/18/2017 12:00:00 AM
9418.48,9321.33,1/19/2017 12:00:00 AM
9444.52,9345.17,1/20/2017 12:00:00 AM
9477.43,9378.97,1/23/2017 12:00:00 AM
9457.82,9361.9,1/24/2017 12:00:00 AM
9444.87,9347.18,1/25/2017 12:00:00 AM
9471,9369.61,1/26/2017 12:00:00 AM
9422.42,9323.14,1/27/2017 12:00:00 AM
9410.2,9314.8,1/30/2017 12:00:00 AM
9450.98,9353.25,1/31/2017 12:00:00 AM
9494.69,9398.53,2/1/2017 12:00:00 AM
9519.8,9423.55,2/2/2017 12:00:00 AM
9512.64,9412.39,2/3/2017 12:00:00 AM
9516.91,9418.37,2/6/2017 12:00:00 AM
9476.93,9378.76,2/7/2017 12:00:00 AM
9464.1,9366.18,2/8/2017 12:00:00 AM
9436.96,9341.09,2/9/2017 12:00:00 AM
9419.42,9321.84,2/10/2017 12:00:00 AM
9415.28,9314.56,2/13/2017 12:00:00 AM
9425.88,9327,2/14/2017 12:00:00 AM
9443.78,9346.02,2/16/2017 12:00:00 AM
9451.07,9355.2,2/17/2017 12:00:00 AM
9458.66,9362.23,2/20/2017 12:00:00 AM
9454.69,9359.74,2/21/2017 12:00:00 AM
9464.81,9363.73,2/22/2017 12:00:00 AM
9482.34,9387.05,2/23/2017 12:00:00 AM
9519.18,9418.65,2/24/2017 12:00:00 AM
9545.71,9448.95,2/27/2017 12:00:00 AM
9543.93,9446.58,2/28/2017 12:00:00 AM
9562.74,9463.94,3/1/2017 12:00:00 AM
9521.38,9425.69,3/2/2017 12:00:00 AM
9509.05,9408.27,3/3/2017 12:00:00 AM
9520.13,9423.81,3/6/2017 12:00:00 AM
9505.49,9405.23,3/7/2017 12:00:00 AM
9504.47,9408.8,3/8/2017 12:00:00 AM
9481.48,9382.32,3/9/2017 12:00:00 AM
9478.21,9382.52,3/10/2017 12:00:00 AM
9515.41,9413.81,3/13/2017 12:00:00 AM
9494.41,9393.02,3/14/2017 12:00:00 AM
9503.68,9404.28,3/15/2017 12:00:00 AM
9542.22,9441.44,3/16/2017 12:00:00 AM
9555.33,9457.15,3/17/2017 12:00:00 AM
9574.04,9475.56,3/20/2017 12:00:00 AM
9566.55,9468.68,3/21/2017 12:00:00 AM
9565.34,9466.32,3/22/2017 12:00:00 AM
9573.45,9476.35,3/23/2017 12:00:00 AM
9561.06,9460.02,3/24/2017 12:00:00 AM
9588.68,9490.61,3/27/2017 12:00:00 AM
9582.77,9482.12,3/29/2017 12:00:00 AM
9588.05,9486.61,3/30/2017 12:00:00 AM
9582.71,9481.36,3/31/2017 12:00:00 AM
9595.84,9494.38,4/3/2017 12:00:00 AM
9586.97,9489.69,4/4/2017 12:00:00 AM
9585.69,9486.41,4/5/2017 12:00:00 AM
9559.63,9461.97,4/6/2017 12:00:00 AM
9564.85,9467.9,4/7/2017 12:00:00 AM
9517.38,9416.78,4/10/2017 12:00:00 AM
9492.25,9392.37,4/11/2017 12:00:00 AM
9528.7,9433.24,4/12/2017 12:00:00 AM
9551.45,9456.19,4/13/2017 12:00:00 AM
9555.27,9455.16,4/17/2017 12:00:00 AM
9562.82,9465.67,4/18/2017 12:00:00 AM
9562.82,9465.67,4/19/2017 12:00:00 AM
9580.17,9481.62,4/20/2017 12:00:00 AM
9578.56,9481.33,4/21/2017 12:00:00 AM
9587.43,9490.67,4/25/2017 12:00:00 AM
9581.39,9485.25,4/26/2017 12:00:00 AM
9580.65,9479.91,4/27/2017 12:00:00 AM
9594.56,9496.53,4/28/2017 12:00:00 AM
9603.88,9500.9,5/2/2017 12:00:00 AM
9595.72,9499.57,5/3/2017 12:00:00 AM
9586.4,9489.84,5/4/2017 12:00:00 AM
9572.98,9471.88,5/5/2017 12:00:00 AM
9535.03,9432.9,5/8/2017 12:00:00 AM
9518.53,9417.87,5/9/2017 12:00:00 AM
9523.2,9424.78,5/10/2017 12:00:00 AM
9523.37,9422.83,5/12/2017 12:00:00 AM
9537.58,9440.76,5/15/2017 12:00:00 AM
9558.69,9462.92,5/16/2017 12:00:00 AM
9590.5,9488.96,5/17/2017 12:00:00 AM
9640.55,9538.04,5/18/2017 12:00:00 AM
9677.58,9579.98,5/19/2017 12:00:00 AM
9635.16,9539.29,5/22/2017 12:00:00 AM
9639.3,9542.7,5/23/2017 12:00:00 AM
9628.75,9530.97,5/24/2017 12:00:00 AM
9640.67,9544.04,5/26/2017 12:00:00 AM
9672.5,9572.16,5/29/2017 12:00:00 AM
9659.12,9559.11,5/30/2017 12:00:00 AM
9661.54,9564.15,5/31/2017 12:00:00 AM
9650.15,9552.11,6/2/2017 12:00:00 AM
9662.08,9563.11,6/5/2017 12:00:00 AM
9680.25,9579.68,6/6/2017 12:00:00 AM
9692.01,9591.42,6/7/2017 12:00:00 AM
9684.49,9579.21,6/8/2017 12:00:00 AM
9663.6,9564.65,6/9/2017 12:00:00 AM
9655.22,9554.29,6/12/2017 12:00:00 AM
9662.95,9563.33,6/13/2017 12:00:00 AM
9664.16,9567.92,6/14/2017 12:00:00 AM
9692.83,9596.28,6/15/2017 12:00:00 AM
9659.56,9560.69,6/16/2017 12:00:00 AM
9665.56,9566.54,6/19/2017 12:00:00 AM
9642.11,9541.36,6/20/2017 12:00:00 AM
9624.88,9523.6,6/21/2017 12:00:00 AM
9640.62,9540.68,6/22/2017 12:00:00 AM
9640.62,9540.68,6/30/2017 12:00:00 AM
9724.78,9623.98,7/3/2017 12:00:00 AM
9735.15,9634.69,7/4/2017 12:00:00 AM
9721.74,9621.15,7/5/2017 12:00:00 AM
9721.34,9620.87,7/6/2017 12:00:00 AM
9734.65,9633.59,7/7/2017 12:00:00 AM
9749.66,9649.21,7/10/2017 12:00:00 AM
9719.69,9620.8,7/11/2017 12:00:00 AM
9739.04,9635.61,7/12/2017 12:00:00 AM
9735.71,9637.72,7/13/2017 12:00:00 AM
9743.59,9645.55,7/14/2017 12:00:00 AM
9767.14,9665.09,7/17/2017 12:00:00 AM
9784.29,9682.06,7/18/2017 12:00:00 AM
9787.72,9683.25,7/19/2017 12:00:00 AM
9780.1,9677.96,7/20/2017 12:00:00 AM
9799.47,9697.86,7/21/2017 12:00:00 AM
9823.87,9721.96,7/24/2017 12:00:00 AM
9833.98,9729.11,7/25/2017 12:00:00 AM
9836.32,9734.39,7/26/2017 12:00:00 AM
9868,9767.75,7/27/2017 12:00:00 AM
9855.77,9750.7,7/28/2017 12:00:00 AM
9870.26,9767.89,7/31/2017 12:00:00 AM
9880.42,9777.17,8/1/2017 12:00:00 AM
9849.3,9746.49,8/2/2017 12:00:00 AM
9847.12,9743.61,8/3/2017 12:00:00 AM
9860.1,9759.99,8/4/2017 12:00:00 AM
9844.09,9741.97,8/7/2017 12:00:00 AM
9835.42,9734.81,8/8/2017 12:00:00 AM
9823.21,9721.35,8/9/2017 12:00:00 AM
9837.09,9735.18,8/10/2017 12:00:00 AM
9857.68,9755.79,8/11/2017 12:00:00 AM
9866.83,9763.22,8/14/2017 12:00:00 AM
9843.66,9741.73,8/15/2017 12:00:00 AM
9832.48,9730.9,8/16/2017 12:00:00 AM
9842.49,9740.04,8/18/2017 12:00:00 AM
9856.07,9753.38,8/21/2017 12:00:00 AM
9851.55,9749.49,8/22/2017 12:00:00 AM
9846.53,9744.55,8/23/2017 12:00:00 AM
9862.58,9762.67,8/24/2017 12:00:00 AM
9854.55,9752.53,8/25/2017 12:00:00 AM
9887.88,9784.71,8/28/2017 12:00:00 AM
9900.37,9797.86,8/29/2017 12:00:00 AM
9900.33,9799.96,8/30/2017 12:00:00 AM
9877.8,9774.83,8/31/2017 12:00:00 AM
9880.65,9777.61,9/4/2017 12:00:00 AM
9895.16,9792.62,9/5/2017 12:00:00 AM
9912.73,9807.83,9/6/2017 12:00:00 AM
9936.22,9835.38,9/7/2017 12:00:00 AM
9975.34,9875.23,9/8/2017 12:00:00 AM
9846.57,9743.9,9/11/2017 12:00:00 AM
9846.2,9743.78,9/12/2017 12:00:00 AM
9871.36,9769.57,9/13/2017 12:00:00 AM
9853.37,9752,9/14/2017 12:00:00 AM
9898.25,9799.48,9/15/2017 12:00:00 AM
9898.81,9799.87,9/18/2017 12:00:00 AM
9890.88,9788.53,9/19/2017 12:00:00 AM
9910.82,9806.89,9/20/2017 12:00:00 AM
9927.35,9824.38,9/22/2017 12:00:00 AM
9927.25,9824.85,9/25/2017 12:00:00 AM
9931.89,9829.77,9/26/2017 12:00:00 AM
9923.28,9822.25,9/27/2017 12:00:00 AM
9955.12,9852.91,9/28/2017 12:00:00 AM
9977.19,9874.95,9/29/2017 12:00:00 AM
9972.8,9869.21,10/2/2017 12:00:00 AM
10002.2,9896.74,10/3/2017 12:00:00 AM
9972.78,9869.84,10/4/2017 12:00:00 AM
9941.31,9841.55,10/5/2017 12:00:00 AM
9926.02,9826.44,10/6/2017 12:00:00 AM
9955.99,9852.61,10/9/2017 12:00:00 AM
9974.25,9872.04,10/10/2017 12:00:00 AM
9999.26,9896.91,10/11/2017 12:00:00 AM
10036.93,9932.81,10/12/2017 12:00:00 AM
10031.77,9927.61,10/13/2017 12:00:00 AM
10025.9,9924.55,10/16/2017 12:00:00 AM
10008.12,9907.74,10/17/2017 12:00:00 AM
10028.06,9926.91,10/18/2017 12:00:00 AM
10005.15,9899.19,10/19/2017 12:00:00 AM
9998.53,9896.98,10/20/2017 12:00:00 AM
9987.52,9885.49,10/23/2017 12:00:00 AM
9993.39,9892.7,10/24/2017 12:00:00 AM
10013.22,9909.72,10/25/2017 12:00:00 AM
10025.75,9920.59,10/26/2017 12:00:00 AM
10018.28,9917.37,10/27/2017 12:00:00 AM
9997.07,9895.28,10/30/2017 12:00:00 AM
10021.31,9918.47,10/31/2017 12:00:00 AM
10022.01,9919.32,11/1/2017 12:00:00 AM
10039.04,9935.21,11/2/2017 12:00:00 AM
9969.87,9869.21,11/3/2017 12:00:00 AM
9964.82,9861.54,11/6/2017 12:00:00 AM
9964.76,9861.28,11/7/2017 12:00:00 AM
9973.58,9871.62,11/8/2017 12:00:00 AM
9969.9,9868.62,11/9/2017 12:00:00 AM
9987.5,9886.04,11/10/2017 12:00:00 AM
10011.76,9908.17,11/13/2017 12:00:00 AM
10000,9898.62,11/14/2017 12:00:00 AM
10010.3,9908.06,11/15/2017 12:00:00 AM
10028.75,9927.77,11/16/2017 12:00:00 AM
10036.94,9934.26,11/17/2017 12:00:00 AM
10018.42,9914.56,11/20/2017 12:00:00 AM
10034.65,9930.73,11/21/2017 12:00:00 AM
10036.92,9932.09,11/22/2017 12:00:00 AM
10073.49,9969.58,11/23/2017 12:00:00 AM
10089.94,9986.62,11/24/2017 12:00:00 AM
10086.16,9984.4,11/27/2017 12:00:00 AM
10095.8,9991.09,11/28/2017 12:00:00 AM
10091.38,9986.63,11/29/2017 12:00:00 AM
10085.39,9982.18,11/30/2017 12:00:00 AM
10082.32,9977.76,12/4/2017 12:00:00 AM
10095.88,9991.08,12/5/2017 12:00:00 AM
10086.83,9985.16,12/6/2017 12:00:00 AM
10100.86,9999.26,12/7/2017 12:00:00 AM
10076.18,9974.12,12/8/2017 12:00:00 AM
10071.02,9966.72,12/11/2017 12:00:00 AM
10079.19,9976.32,12/12/2017 12:00:00 AM
10103.57,9997.78,12/13/2017 12:00:00 AM
10120.26,10018.56,12/14/2017 12:00:00 AM
10135.23,10030.45,12/15/2017 12:00:00 AM
10120.09,10017.05,12/18/2017 12:00:00 AM
10132.08,10022.98,12/19/2017 12:00:00 AM
10136.67,10033.42,12/20/2017 12:00:00 AM
10127.21,10023.8,12/21/2017 12:00:00 AM
10137.64,10034.22,12/22/2017 12:00:00 AM
10154.97,10047.65,12/27/2017 12:00:00 AM
10170.15,10067.91,12/28/2017 12:00:00 AM
10186.28,10080.77,12/29/2017 12:00:00 AM
10186.28,10080.77,12/30/2017 12:00:00 AM
10197.05,10090.62,1/2/2018 12:00:00 AM
10196.95,10092.43,1/3/2018 12:00:00 AM
10181.2,10074.39,1/4/2018 12:00:00 AM
10152.22,10050.49,1/5/2018 12:00:00 AM
10140.85,10036.89,1/8/2018 12:00:00 AM
10139.76,10035.3,1/9/2018 12:00:00 AM
10120.55,10016.47,1/10/2018 12:00:00 AM
10126.83,10021.75,1/11/2018 12:00:00 AM
10112.96,10008.28,1/12/2018 12:00:00 AM
10133.12,10027.98,1/15/2018 12:00:00 AM
10137.69,10034.04,1/16/2018 12:00:00 AM
10142.4,10039.38,1/17/2018 12:00:00 AM
10141.19,10036.23,1/18/2018 12:00:00 AM
10149.23,10044.68,1/19/2018 12:00:00 AM
10144.59,10039.35,1/22/2018 12:00:00 AM
10150.92,10045.49,1/23/2018 12:00:00 AM
10177.12,10072.96,1/24/2018 12:00:00 AM
10221.95,10117.83,1/25/2018 12:00:00 AM
10228.75,10123.14,1/26/2018 12:00:00 AM
10233.02,10126.78,1/29/2018 12:00:00 AM
10262.96,10159.27,1/30/2018 12:00:00 AM
10274.39,10170.71,1/31/2018 12:00:00 AM
10265.22,10159.23,2/1/2018 12:00:00 AM
10296.81,10193.01,2/2/2018 12:00:00 AM
10289.77,10184.26,2/5/2018 12:00:00 AM
10321.46,10216.27,2/6/2018 12:00:00 AM
10320.99,10213.91,2/7/2018 12:00:00 AM
10320.88,10216.65,2/8/2018 12:00:00 AM
10290.45,10184.56,2/9/2018 12:00:00 AM
10311.37,10204.99,2/12/2018 12:00:00 AM
10353.37,10249.13,2/13/2018 12:00:00 AM
10389.86,10283.01,2/14/2018 12:00:00 AM
10380.58,10273.15,2/15/2018 12:00:00 AM
10383.79,10276.89,2/19/2018 12:00:00 AM
10373.38,10268.4,2/20/2018 12:00:00 AM
10355.03,10247.97,2/21/2018 12:00:00 AM
10374.71,10271.19,2/22/2018 12:00:00 AM
10411.52,10304.55,2/23/2018 12:00:00 AM
10415.02,10307.14,2/26/2018 12:00:00 AM
10420.05,10315.97,2/27/2018 12:00:00 AM
10398.55,10290.5,2/28/2018 12:00:00 AM
10456.36,10350.71,3/1/2018 12:00:00 AM
10450.87,10342.56,3/2/2018 12:00:00 AM
10471.68,10365.46,3/5/2018 12:00:00 AM
10488.8,10380.91,3/6/2018 12:00:00 AM
10503.46,10394.72,3/7/2018 12:00:00 AM
10531.8,10422.85,3/8/2018 12:00:00 AM
10519.01,10406.4,3/9/2018 12:00:00 AM
10530.44,10420.66,3/12/2018 12:00:00 AM
10531.69,10422.6,3/13/2018 12:00:00 AM
10544.48,10435.11,3/14/2018 12:00:00 AM
10545.72,10436.41,3/15/2018 12:00:00 AM
10520.15,10411.25,3/16/2018 12:00:00 AM
10493.02,10386.77,3/19/2018 12:00:00 AM
10520.31,10411.38,3/20/2018 12:00:00 AM
10489.27,10379.86,3/21/2018 12:00:00 AM
10518.06,10411.33,3/22/2018 12:00:00 AM
10533.96,10425.03,3/23/2018 12:00:00 AM
10552.59,10443.43,3/26/2018 12:00:00 AM
10527.24,10418.61,3/27/2018 12:00:00 AM
10565.2,10457.26,3/28/2018 12:00:00 AM
10541.36,10432.16,3/29/2018 12:00:00 AM
10548.85,10441.12,4/2/2018 12:00:00 AM
10557.08,10444.6,4/3/2018 12:00:00 AM
10555.68,10445.56,4/4/2018 12:00:00 AM
10544.93,10433.39,4/5/2018 12:00:00 AM
10510.33,10403.95,4/6/2018 12:00:00 AM
10531.92,10422.94,4/9/2018 12:00:00 AM
10554.11,10447.99,4/10/2018 12:00:00 AM
10553.01,10446.01,4/11/2018 12:00:00 AM
10571.69,10463.82,4/12/2018 12:00:00 AM
10532.65,10425.9,4/13/2018 12:00:00 AM
10545.77,10438.99,4/16/2018 12:00:00 AM
10568.16,10458.78,4/17/2018 12:00:00 AM
10556.06,10450,4/18/2018 12:00:00 AM
10567,10457.7,4/19/2018 12:00:00 AM
10572.32,10459.18,4/20/2018 12:00:00 AM
10604.54,10495.75,4/23/2018 12:00:00 AM
10552.95,10444.83,4/24/2018 12:00:00 AM
10540.74,10432.58,4/25/2018 12:00:00 AM
10546.14,10436.75,4/26/2018 12:00:00 AM
10507.76,10401.45,4/27/2018 12:00:00 AM
10543.59,10435.31,4/30/2018 12:00:00 AM
10505.55,10398.98,5/2/2018 12:00:00 AM
10520.99,10412.14,5/3/2018 12:00:00 AM
10536.09,10428.47,5/4/2018 12:00:00 AM
10529.24,10420.23,5/7/2018 12:00:00 AM
10559.96,10452.81,5/8/2018 12:00:00 AM
10540.28,10435.17,5/9/2018 12:00:00 AM
10551.57,10443.03,5/11/2018 12:00:00 AM
10533.18,10424.29,5/14/2018 12:00:00 AM
10547.2,10440.84,5/15/2018 12:00:00 AM
10547.32,10436.85,5/16/2018 12:00:00 AM
10575.74,10469.5,5/17/2018 12:00:00 AM
10564.04,10452.01,5/18/2018 12:00:00 AM
10609.13,10501.04,5/21/2018 12:00:00 AM
10632,10523.69,5/22/2018 12:00:00 AM
10638.47,10530.2,5/23/2018 12:00:00 AM
10633.89,10526.55,5/24/2018 12:00:00 AM
10614.33,10504.55,5/25/2018 12:00:00 AM
10554.02,10445.59,5/28/2018 12:00:00 AM
10478.53,10369.11,5/30/2018 12:00:00 AM
10468.12,10359.73,5/31/2018 12:00:00 AM
10427.86,10323.09,6/4/2018 12:00:00 AM
10449.24,10345.14,6/5/2018 12:00:00 AM
10457.48,10351.65,6/6/2018 12:00:00 AM
10472.65,10362.72,6/7/2018 12:00:00 AM
10472.19,10364.93,6/8/2018 12:00:00 AM
10472.19,10364.93,6/19/2018 12:00:00 AM
10472.19,10364.93,6/20/2018 12:00:00 AM
10418.66,10313.37,6/21/2018 12:00:00 AM
10426.69,10320.71,6/22/2018 12:00:00 AM
10408.22,10302.45,6/25/2018 12:00:00 AM
10457.72,10349.59,6/26/2018 12:00:00 AM
10457.72,10349.59,6/27/2018 12:00:00 AM
10490.82,10384.67,6/28/2018 12:00:00 AM
10584.19,10475.08,6/29/2018 12:00:00 AM
10560.16,10453.81,7/2/2018 12:00:00 AM
10565.85,10457.03,7/3/2018 12:00:00 AM
10573.61,10466.45,7/4/2018 12:00:00 AM
10588.02,10478.74,7/5/2018 12:00:00 AM
10606.46,10497.14,7/6/2018 12:00:00 AM
10622.42,10512.35,7/9/2018 12:00:00 AM
10634.46,10521.89,7/10/2018 12:00:00 AM
10645.52,10535.65,7/11/2018 12:00:00 AM
10638.75,10529.29,7/12/2018 12:00:00 AM
10589.27,10481.29,7/13/2018 12:00:00 AM
10596.94,10487.63,7/16/2018 12:00:00 AM
10623.62,10513.99,7/17/2018 12:00:00 AM
10608.15,10500.33,7/18/2018 12:00:00 AM
10603.73,10494.51,7/19/2018 12:00:00 AM
10650.27,10539.87,7/20/2018 12:00:00 AM
10669.11,10561.02,7/23/2018 12:00:00 AM
10700.74,10589.18,7/24/2018 12:00:00 AM
10688.75,10577.89,7/25/2018 12:00:00 AM
10680.65,10573.91,7/26/2018 12:00:00 AM
10677.87,10568.35,7/27/2018 12:00:00 AM
10628.26,10520.25,7/30/2018 12:00:00 AM
10641.35,10529.37,7/31/2018 12:00:00 AM
10661.87,10552.21,8/1/2018 12:00:00 AM
10655.41,10548.18,8/2/2018 12:00:00 AM
10646.41,10538.23,8/3/2018 12:00:00 AM
10654.51,10546.77,8/6/2018 12:00:00 AM
10643.42,10531.97,8/7/2018 12:00:00 AM
10636.22,10529.13,8/8/2018 12:00:00 AM
10640.14,10532.11,8/9/2018 12:00:00 AM
10616.86,10509.95,8/10/2018 12:00:00 AM
10662.79,10554.26,8/13/2018 12:00:00 AM
10691.01,10582.5,8/14/2018 12:00:00 AM
10656.32,10546.61,8/15/2018 12:00:00 AM
10673.45,10562.01,8/16/2018 12:00:00 AM
10689.48,10579.1,8/20/2018 12:00:00 AM
10709.53,10598.86,8/21/2018 12:00:00 AM
10718.56,10608.18,8/23/2018 12:00:00 AM
10732.35,10619.77,8/24/2018 12:00:00 AM
10758.35,10649.82,8/27/2018 12:00:00 AM
10773.91,10662.9,8/28/2018 12:00:00 AM
10789.65,10681.04,8/29/2018 12:00:00 AM
10793.7,10680.44,8/30/2018 12:00:00 AM
10814.86,10704.26,8/31/2018 12:00:00 AM
10821,10709.18,9/3/2018 12:00:00 AM
10858.39,10748.29,9/4/2018 12:00:00 AM
10912.93,10799.88,9/5/2018 12:00:00 AM
10886.8,10775.22,9/6/2018 12:00:00 AM
10880.92,10767.78,9/7/2018 12:00:00 AM
10802.84,10691.73,9/10/2018 12:00:00 AM
10850.65,10741.57,9/12/2018 12:00:00 AM
10841.48,10731.21,9/13/2018 12:00:00 AM
10882.48,10772.88,9/14/2018 12:00:00 AM
10864.31,10755.07,9/17/2018 12:00:00 AM
10914.99,10799.42,9/18/2018 12:00:00 AM
10924.62,10814.24,9/19/2018 12:00:00 AM
10897.33,10787.61,9/20/2018 12:00:00 AM
10919.89,10810.61,9/21/2018 12:00:00 AM
10936.31,10826.38,9/24/2018 12:00:00 AM
10956.01,10843.7,9/25/2018 12:00:00 AM
10996.92,10886.25,9/26/2018 12:00:00 AM
10981.4,10869.15,9/27/2018 12:00:00 AM
10974.25,10863.75,9/28/2018 12:00:00 AM
10953.5,10839.85,10/1/2018 12:00:00 AM
10973.26,10862.41,10/2/2018 12:00:00 AM
11048.53,10935.25,10/3/2018 12:00:00 AM
11011.44,10897.45,10/4/2018 12:00:00 AM
11049.32,10937.66,10/5/2018 12:00:00 AM
11046.08,10933.75,10/8/2018 12:00:00 AM
11070.21,10956.34,10/9/2018 12:00:00 AM
11079.63,10967.11,10/10/2018 12:00:00 AM
11093.5,10981.12,10/11/2018 12:00:00 AM
11118.39,11003.71,10/12/2018 12:00:00 AM
11117.4,11003.12,10/15/2018 12:00:00 AM
11111.76,10999.64,10/16/2018 12:00:00 AM
11097.05,10982.47,10/17/2018 12:00:00 AM
11073.79,10961.92,10/18/2018 12:00:00 AM
11083.98,10971.46,10/19/2018 12:00:00 AM
11081.43,10967.13,10/22/2018 12:00:00 AM
11068.95,10958.07,10/23/2018 12:00:00 AM
11080.55,10967.86,10/24/2018 12:00:00 AM
11070.39,10959.52,10/25/2018 12:00:00 AM
11057.01,10945.46,10/26/2018 12:00:00 AM
11074.58,10962.93,10/29/2018 12:00:00 AM
11067.51,10955.27,10/30/2018 12:00:00 AM
11045.11,10933.04,10/31/2018 12:00:00 AM
11036.35,10924.92,11/1/2018 12:00:00 AM
11013.15,10902.62,11/2/2018 12:00:00 AM
10943.27,10830.24,11/5/2018 12:00:00 AM
10887.6,10776,11/6/2018 12:00:00 AM
10790.49,10677.42,11/7/2018 12:00:00 AM
10727.87,10619.95,11/8/2018 12:00:00 AM
10680.56,10572.98,11/9/2018 12:00:00 AM
10751.54,10642.63,11/12/2018 12:00:00 AM
10824.35,10713.46,11/13/2018 12:00:00 AM
10740.98,10632.24,11/14/2018 12:00:00 AM
10775.6,10664.25,11/15/2018 12:00:00 AM
10659.93,10553.05,11/16/2018 12:00:00 AM
10673.51,10563.36,11/19/2018 12:00:00 AM
10681.26,10571.26,11/21/2018 12:00:00 AM
10678.66,10568.5,11/22/2018 12:00:00 AM
10654.19,10543.98,11/23/2018 12:00:00 AM
10637.96,10530.22,11/26/2018 12:00:00 AM
10605.31,10493.75,11/27/2018 12:00:00 AM
10606.26,10494.16,11/28/2018 12:00:00 AM
10551.63,10442.89,11/29/2018 12:00:00 AM
10513.61,10407.03,11/30/2018 12:00:00 AM
10460.85,10353.36,12/3/2018 12:00:00 AM
10518.45,10413.71,12/4/2018 12:00:00 AM
10578.89,10469.68,12/5/2018 12:00:00 AM
10645.44,10535,12/6/2018 12:00:00 AM
10670.37,10562.98,12/7/2018 12:00:00 AM
10655.08,10542.3,12/10/2018 12:00:00 AM
10697.84,10589.18,12/11/2018 12:00:00 AM
10672.4,10565.27,12/12/2018 12:00:00 AM
10656.5,10546.16,12/13/2018 12:00:00 AM
10644.76,10536.86,12/14/2018 12:00:00 AM
10677.42,10569,12/17/2018 12:00:00 AM
10643.14,10535.14,12/18/2018 12:00:00 AM
10558.15,10452.19,12/19/2018 12:00:00 AM
10615.62,10509.18,12/20/2018 12:00:00 AM
10634.32,10521.4,12/21/2018 12:00:00 AM
10699.18,10591.97,12/26/2018 12:00:00 AM
10666.08,10554.3,12/27/2018 12:00:00 AM
10672.56,10562.08,12/28/2018 12:00:00 AM
10656.07,10549.86,12/31/2018 12:00:00 AM
10645.92,10536.6,1/2/2019 12:00:00 AM
10643.16,10533.94,1/3/2019 12:00:00 AM
10587.29,10477.73,1/4/2019 12:00:00 AM
10443.49,10338.12,1/7/2019 12:00:00 AM
10395.13,10291.17,1/8/2019 12:00:00 AM
10457.63,10349.17,1/9/2019 12:00:00 AM
10461.66,10356.72,1/10/2019 12:00:00 AM
10460.7,10354.11,1/11/2019 12:00:00 AM
10443.72,10338.66,1/14/2019 12:00:00 AM
10471.26,10363.85,1/15/2019 12:00:00 AM
10495.83,10388.76,1/16/2019 12:00:00 AM
10497.23,10388.64,1/17/2019 12:00:00 AM
10514.94,10408.64,1/18/2019 12:00:00 AM
10520.77,10414.64,1/21/2019 12:00:00 AM
10517.33,10412.07,1/22/2019 12:00:00 AM
10489.96,10383.96,1/23/2019 12:00:00 AM
10463.08,10357.77,1/24/2019 12:00:00 AM
10469.26,10361,1/25/2019 12:00:00 AM
10434.91,10329.07,1/28/2019 12:00:00 AM
10470.77,10361.18,1/29/2019 12:00:00 AM
10494.27,10388.43,1/30/2019 12:00:00 AM
10498.89,10393.41,1/31/2019 12:00:00 AM
10420.59,10315.21,2/1/2019 12:00:00 AM
10399.82,10290.83,2/4/2019 12:00:00 AM
10366.84,10261.78,2/6/2019 12:00:00 AM
10359.88,10254.37,2/7/2019 12:00:00 AM
10364.86,10256.37,2/8/2019 12:00:00 AM
10368.6,10261.61,2/11/2019 12:00:00 AM
10419.49,10315.7,2/12/2019 12:00:00 AM
10399.09,10295.05,2/13/2019 12:00:00 AM
10427,10320.14,2/14/2019 12:00:00 AM
10440.06,10334.04,2/15/2019 12:00:00 AM
10463.5,10352.59,2/18/2019 12:00:00 AM
10455.35,10349.2,2/19/2019 12:00:00 AM
10456.77,10349.29,2/20/2019 12:00:00 AM
10447.42,10343.12,2/21/2019 12:00:00 AM
10446.69,10342.56,2/22/2019 12:00:00 AM
10426.64,10321.41,2/25/2019 12:00:00 AM
10416.36,10308.82,2/26/2019 12:00:00 AM
10436.78,10331.43,2/27/2019 12:00:00 AM
10477.46,10372.13,2/28/2019 12:00:00 AM
10494.3,10383.08,3/1/2019 12:00:00 AM
10502.99,10396.57,3/4/2019 12:00:00 AM
10489.93,10384.39,3/5/2019 12:00:00 AM
10468.89,10360.38,3/6/2019 12:00:00 AM
10512.61,10404.35,3/8/2019 12:00:00 AM
10593.08,10480.95,3/11/2019 12:00:00 AM
10558.05,10452.6,3/12/2019 12:00:00 AM
10569.76,10463.56,3/13/2019 12:00:00 AM
10584.5,10478.79,3/14/2019 12:00:00 AM
10610.11,10500,3/15/2019 12:00:00 AM
10579.5,10472.99,3/18/2019 12:00:00 AM
10586.36,10477.35,3/19/2019 12:00:00 AM
10577.62,10471.82,3/20/2019 12:00:00 AM
10529.72,10420.35,3/21/2019 12:00:00 AM
10546.29,10439.49,3/22/2019 12:00:00 AM
10574.83,10465.91,3/25/2019 12:00:00 AM
10551.97,10445.22,3/26/2019 12:00:00 AM
10546.81,10438.03,3/27/2019 12:00:00 AM
10570.35,10461.72,3/28/2019 12:00:00 AM
10561.46,10452.84,3/29/2019 12:00:00 AM
10571.37,10460.22,4/1/2019 12:00:00 AM
10557.07,10451.53,4/2/2019 12:00:00 AM
10533.59,10424.79,4/4/2019 12:00:00 AM
10507.31,10400.92,4/5/2019 12:00:00 AM
10487.64,10381.35,4/8/2019 12:00:00 AM
10502.95,10394.24,4/9/2019 12:00:00 AM
10507.42,10401,4/10/2019 12:00:00 AM
10515.15,10408.66,4/11/2019 12:00:00 AM
10491.22,10384.96,4/12/2019 12:00:00 AM
10453.27,10348.22,4/15/2019 12:00:00 AM
10445.58,10341.36,4/16/2019 12:00:00 AM
10408.63,10303.66,4/18/2019 12:00:00 AM
10418.17,10313.4,4/22/2019 12:00:00 AM
10436.64,10331.86,4/23/2019 12:00:00 AM
10440.96,10334.9,4/24/2019 12:00:00 AM
10444.97,10339.94,4/25/2019 12:00:00 AM
10480.71,10374.81,4/26/2019 12:00:00 AM
10475.32,10370.23,4/29/2019 12:00:00 AM
10491.3,10383.2,4/30/2019 12:00:00 AM
10524.92,10414.4,5/2/2019 12:00:00 AM
10533.54,10425.5,5/3/2019 12:00:00 AM
10537.11,10427.78,5/6/2019 12:00:00 AM
10551.76,10444.57,5/7/2019 12:00:00 AM
10560.45,10453.91,5/8/2019 12:00:00 AM
10569.94,10460.48,5/9/2019 12:00:00 AM
10581.98,10472.45,5/10/2019 12:00:00 AM
10577.46,10468.1,5/13/2019 12:00:00 AM
10605.68,10498.94,5/14/2019 12:00:00 AM
10605.51,10497.26,5/15/2019 12:00:00 AM
10618.24,10509.17,5/16/2019 12:00:00 AM
10592.99,10486.56,5/17/2019 12:00:00 AM
10577.2,10468.72,5/20/2019 12:00:00 AM
10567.88,10461.65,5/21/2019 12:00:00 AM
10569.11,10463.82,5/22/2019 12:00:00 AM
10570.33,10458.46,5/23/2019 12:00:00 AM
10523.91,10415.79,5/24/2019 12:00:00 AM
10510.52,10401.86,5/27/2019 12:00:00 AM
10493.76,10385.42,5/28/2019 12:00:00 AM
10495.47,10389.66,5/29/2019 12:00:00 AM
10477.61,10371.74,5/31/2019 12:00:00 AM
10480.73,10372.87,6/10/2019 12:00:00 AM
10492.82,10386.56,6/11/2019 12:00:00 AM
10484.46,10379.63,6/12/2019 12:00:00 AM
10500.07,10392.3,6/13/2019 12:00:00 AM
10514.92,10408.07,6/14/2019 12:00:00 AM
10522.55,10413.66,6/17/2019 12:00:00 AM
10516.1,10410.22,6/18/2019 12:00:00 AM
10487.75,10382.39,6/19/2019 12:00:00 AM
10506.72,10400.91,6/20/2019 12:00:00 AM
10471.66,10363.02,6/21/2019 12:00:00 AM
10510.93,10402.24,6/24/2019 12:00:00 AM
10505.73,10399.2,6/25/2019 12:00:00 AM
10512.92,10406.58,6/26/2019 12:00:00 AM
10523.56,10417.16,6/27/2019 12:00:00 AM
10500.18,10391.43,6/28/2019 12:00:00 AM
10481.68,10372.94,7/1/2019 12:00:00 AM
10476.23,10367.72,7/2/2019 12:00:00 AM
10497.93,10390.88,7/3/2019 12:00:00 AM
10463.5,10357.17,7/4/2019 12:00:00 AM
10487.54,10381.27,7/5/2019 12:00:00 AM
10449.03,10340.88,7/8/2019 12:00:00 AM
10435.04,10329.17,7/9/2019 12:00:00 AM
10444.26,10338.47,7/10/2019 12:00:00 AM
10440.97,10336.21,7/11/2019 12:00:00 AM
10426.49,10321.84,7/12/2019 12:00:00 AM
10341.02,10237.15,7/15/2019 12:00:00 AM
10318.51,10213.79,7/16/2019 12:00:00 AM
10317.95,10211.15,7/17/2019 12:00:00 AM
10329.46,10225,7/18/2019 12:00:00 AM
10307.39,10202.68,7/19/2019 12:00:00 AM
10310.8,10204.19,7/22/2019 12:00:00 AM
10310.57,10204.04,7/23/2019 12:00:00 AM
10312.73,10207.95,7/24/2019 12:00:00 AM
10302.72,10199.36,7/25/2019 12:00:00 AM
10287.32,10184.22,7/26/2019 12:00:00 AM
10274.37,10171.47,7/29/2019 12:00:00 AM
10303.16,10199.4,7/30/2019 12:00:00 AM
10288.3,10180.17,7/31/2019 12:00:00 AM
10309.25,10203.67,8/1/2019 12:00:00 AM
10372.79,10266.62,8/2/2019 12:00:00 AM
10342.78,10238.61,8/5/2019 12:00:00 AM
10424.47,10318.85,8/6/2019 12:00:00 AM
10367.11,10263.01,8/7/2019 12:00:00 AM
10354.76,10246.76,8/8/2019 12:00:00 AM
10323.47,10219.23,8/9/2019 12:00:00 AM
10326.61,10220.31,8/12/2019 12:00:00 AM
10348.95,10242.88,8/13/2019 12:00:00 AM
10329.27,10225.25,8/14/2019 12:00:00 AM
10350.86,10244.87,8/15/2019 12:00:00 AM
10319.77,10216.03,8/16/2019 12:00:00 AM
10301.67,10195.51,8/19/2019 12:00:00 AM
10348.74,10244.73,8/20/2019 12:00:00 AM
10354.05,10249.96,8/21/2019 12:00:00 AM
10341.21,10234.86,8/22/2019 12:00:00 AM
10334.13,10225.75,8/23/2019 12:00:00 AM
10318.96,10213.04,8/26/2019 12:00:00 AM
10303.2,10199.47,8/27/2019 12:00:00 AM
10319.65,10213.75,8/28/2019 12:00:00 AM
10313.92,10208,8/29/2019 12:00:00 AM
10300.94,10193.57,8/30/2019 12:00:00 AM
10269.32,10163.4,9/2/2019 12:00:00 AM
10257,10153.6,9/3/2019 12:00:00 AM
10283.56,10177.7,9/4/2019 12:00:00 AM
10283.4,10179.27,9/5/2019 12:00:00 AM
10266.58,10162.53,9/6/2019 12:00:00 AM
10254.89,10149.1,9/9/2019 12:00:00 AM
10214.42,10109.34,9/10/2019 12:00:00 AM
10243.53,10136.92,9/11/2019 12:00:00 AM
10248.93,10145.85,9/12/2019 12:00:00 AM
10202.3,10094.55,9/13/2019 12:00:00 AM
10251,10145.45,9/16/2019 12:00:00 AM
10297.94,10192.53,9/17/2019 12:00:00 AM
10289.41,10184.65,9/18/2019 12:00:00 AM
10280.06,10177,9/19/2019 12:00:00 AM
10276.61,10169.8,9/20/2019 12:00:00 AM
10279.76,10176.55,9/23/2019 12:00:00 AM
10288.27,10185.13,9/24/2019 12:00:00 AM
10322.65,10215.75,9/25/2019 12:00:00 AM
10327.24,10218.27,9/26/2019 12:00:00 AM
10323.42,10219.2,9/27/2019 12:00:00 AM
10309.76,10205.51,9/30/2019 12:00:00 AM
10311.51,10205.92,10/1/2019 12:00:00 AM
10308.28,10202.08,10/2/2019 12:00:00 AM
10313.81,10210.4,10/3/2019 12:00:00 AM
10303.16,10197.96,10/4/2019 12:00:00 AM
10306.43,10199.87,10/7/2019 12:00:00 AM
10321.06,10216.67,10/8/2019 12:00:00 AM
10311.08,10206.87,10/9/2019 12:00:00 AM
10325.86,10219.09,10/10/2019 12:00:00 AM
10342.07,10237.23,10/11/2019 12:00:00 AM
10366.29,10259.39,10/14/2019 12:00:00 AM
10382.63,10274.81,10/15/2019 12:00:00 AM
10394.35,10289.43,10/16/2019 12:00:00 AM
10405.36,10298.06,10/17/2019 12:00:00 AM
10415.35,10310.2,10/18/2019 12:00:00 AM
10422.44,10317.98,10/21/2019 12:00:00 AM
10380.05,10273,10/22/2019 12:00:00 AM
10352.82,10246.06,10/23/2019 12:00:00 AM
10330.48,10226.19,10/24/2019 12:00:00 AM
10363.92,10259.3,10/25/2019 12:00:00 AM
10340.53,10236.9,10/28/2019 12:00:00 AM
10347.26,10242.8,10/29/2019 12:00:00 AM
10360.58,10255.99,10/30/2019 12:00:00 AM
10346.94,10240.22,10/31/2019 12:00:00 AM
10403.54,10298.51,11/1/2019 12:00:00 AM
10376.06,10269.03,11/4/2019 12:00:00 AM
10382.24,10277.42,11/5/2019 12:00:00 AM
10354.14,10247.34,11/6/2019 12:00:00 AM
10375.15,10268.14,11/7/2019 12:00:00 AM
10371.81,10264.83,11/8/2019 12:00:00 AM
10366.76,10262.86,11/11/2019 12:00:00 AM
10380.03,10272.97,11/12/2019 12:00:00 AM
10385.57,10276.95,11/13/2019 12:00:00 AM
10395.08,10288.62,11/14/2019 12:00:00 AM
10391.23,10282.55,11/15/2019 12:00:00 AM
10396.43,10289.96,11/18/2019 12:00:00 AM
10408.25,10300.9,11/19/2019 12:00:00 AM
10408.85,10298.47,11/20/2019 12:00:00 AM
10410.75,10304.89,11/21/2019 12:00:00 AM
10406.48,10296.13,11/22/2019 12:00:00 AM
10384.59,10277.49,11/25/2019 12:00:00 AM
10366.57,10261.92,11/26/2019 12:00:00 AM
10378.37,10272.1,11/27/2019 12:00:00 AM
10376.03,10266.77,11/28/2019 12:00:00 AM
10378.23,10271.2,11/29/2019 12:00:00 AM
10377.75,10272.99,12/2/2019 12:00:00 AM
10398.07,10287.08,12/3/2019 12:00:00 AM
10404.3,10299.27,12/4/2019 12:00:00 AM
10395.18,10290.23,12/5/2019 12:00:00 AM
10372.93,10268.21,12/6/2019 12:00:00 AM
10358.83,10255,12/9/2019 12:00:00 AM
10353.11,10248.59,12/10/2019 12:00:00 AM
10370.17,10263.21,12/11/2019 12:00:00 AM
10404.93,10298.36,12/12/2019 12:00:00 AM
10394.96,10285.44,12/13/2019 12:00:00 AM
10390.56,10285.66,12/16/2019 12:00:00 AM
10396.35,10291.38,12/17/2019 12:00:00 AM
10383.6,10277.24,12/18/2019 12:00:00 AM
10367.33,10262.66,12/19/2019 12:00:00 AM
10374.75,10270,12/20/2019 12:00:00 AM
10359.8,10255.96,12/23/2019 12:00:00 AM
10373.48,10266.47,12/26/2019 12:00:00 AM
10361.84,10253.43,12/27/2019 12:00:00 AM
10378.98,10274.18,12/30/2019 12:00:00 AM
10373.11,10268.37,12/31/2019 12:00:00 AM
10379.43,10272.33,1/2/2020 12:00:00 AM
10362.39,10255.48,1/3/2020 12:00:00 AM
10393.96,10286.73,1/6/2020 12:00:00 AM
10374.22,10267.19,1/7/2020 12:00:00 AM
10366.95,10259.99,1/8/2020 12:00:00 AM
10321.82,10216.09,1/9/2020 12:00:00 AM
10273.9,10170.16,1/10/2020 12:00:00 AM
10225.3,10122.05,1/13/2020 12:00:00 AM
10189.55,10086.67,1/14/2020 12:00:00 AM
10223.04,10117.57,1/15/2020 12:00:00 AM
10197.84,10094.87,1/16/2020 12:00:00 AM
10189.61,10086.73,1/17/2020 12:00:00 AM
10188.04,10082.92,1/20/2020 12:00:00 AM
10177.42,10072.42,1/21/2020 12:00:00 AM
10182.51,10078.21,1/22/2020 12:00:00 AM
10155.08,10053.29,1/23/2020 12:00:00 AM
10146.01,10043.57,1/24/2020 12:00:00 AM
10095.24,9993.32,1/27/2020 12:00:00 AM
10098.1,9993.94,1/28/2020 12:00:00 AM
10098.89,9992.51,1/29/2020 12:00:00 AM
10065.48,9961.67,1/30/2020 12:00:00 AM
10086.92,9982.88,1/31/2020 12:00:00 AM
10089.69,9987.84,2/3/2020 12:00:00 AM
10084.45,9983.37,2/4/2020 12:00:00 AM
9980.88,9877.99,2/5/2020 12:00:00 AM
9907.86,9807.86,2/6/2020 12:00:00 AM
9900.56,9798.51,2/7/2020 12:00:00 AM
9918.32,9814.68,2/10/2020 12:00:00 AM
9908.1,9805.98,2/11/2020 12:00:00 AM
9910.69,9808.54,2/12/2020 12:00:00 AM
9910.18,9808.03,2/13/2020 12:00:00 AM
9911.89,9811.85,2/14/2020 12:00:00 AM
9899.63,9800.42,2/17/2020 12:00:00 AM
9882.36,9782.62,2/18/2020 12:00:00 AM
9903.44,9804.2,2/19/2020 12:00:00 AM
9877.41,9777.73,2/20/2020 12:00:00 AM
9884.98,9783.13,2/21/2020 12:00:00 AM
9939.59,9839.98,2/24/2020 12:00:00 AM
9997.47,9896.58,2/25/2020 12:00:00 AM
10034.19,9932.93,2/26/2020 12:00:00 AM
10083.81,9981.33,2/27/2020 12:00:00 AM
10239.92,10134.4,2/28/2020 12:00:00 AM
10421.66,10317.22,3/2/2020 12:00:00 AM
10280.59,10176.84,3/3/2020 12:00:00 AM
10267.36,10157.88,3/4/2020 12:00:00 AM
10277.04,10173.31,3/5/2020 12:00:00 AM
10349.6,10242.93,3/6/2020 12:00:00 AM
10428.09,10320.6,3/9/2020 12:00:00 AM
10451.8,10344.07,3/10/2020 12:00:00 AM
10349.88,10243.22,3/11/2020 12:00:00 AM
10424.83,10318.89,3/12/2020 12:00:00 AM
10558.88,10450.11,3/13/2020 12:00:00 AM
10503.66,10396.95,3/16/2020 12:00:00 AM
10683.22,10570.96,3/17/2020 12:00:00 AM
10723.43,10613.01,3/18/2020 12:00:00 AM
10914.88,10802.54,3/19/2020 12:00:00 AM
11289,11175.13,3/20/2020 12:00:00 AM
11461.26,11343.33,3/23/2020 12:00:00 AM
11391.15,11273.93,3/24/2020 12:00:00 AM
11312.31,11197.44,3/26/2020 12:00:00 AM
11410.39,11295.27,3/27/2020 12:00:00 AM
11503.42,11384.97,3/30/2020 12:00:00 AM
11552.77,11437.02,3/31/2020 12:00:00 AM
11590.13,11470.77,4/1/2020 12:00:00 AM
11713.11,11592.53,4/2/2020 12:00:00 AM
11569.24,11453.32,4/3/2020 12:00:00 AM
11548.29,11432.59,4/6/2020 12:00:00 AM
11523.23,11404.59,4/7/2020 12:00:00 AM
11445.76,11327.9,4/8/2020 12:00:00 AM
11448.56,11330.67,4/9/2020 12:00:00 AM
11238.4,11120.3,4/13/2020 12:00:00 AM
11171.25,11056.18,4/14/2020 12:00:00 AM
11164.54,11049.54,4/15/2020 12:00:00 AM
11123.84,11008.53,4/16/2020 12:00:00 AM
10952.91,10840.12,4/17/2020 12:00:00 AM
10972.69,10859.69,4/20/2020 12:00:00 AM
11017.74,10900.48,4/21/2020 12:00:00 AM
10945.81,10833.86,4/22/2020 12:00:00 AM
11006.27,10892.94,4/23/2020 12:00:00 AM
10956.66,10846.12,4/24/2020 12:00:00 AM
11018.96,10908.55,4/27/2020 12:00:00 AM
10950.78,10838.01,4/28/2020 12:00:00 AM
10948.47,10838.76,4/29/2020 12:00:00 AM
10794.98,10683.78,4/30/2020 12:00:00 AM
10685.17,10578.11,5/4/2020 12:00:00 AM
10737.44,10629.1,5/5/2020 12:00:00 AM
10736.33,10622,5/6/2020 12:00:00 AM
10689.57,10580.96,5/8/2020 12:00:00 AM
10632.3,10522.78,5/11/2020 12:00:00 AM
10607.35,10500.32,5/12/2020 12:00:00 AM
10558.53,10449.78,5/13/2020 12:00:00 AM
10572.02,10463.15,5/14/2020 12:00:00 AM
10519.2,10408.69,5/15/2020 12:00:00 AM
10510.38,10402.15,5/18/2020 12:00:00 AM
10502.02,10395.33,5/19/2020 12:00:00 AM
10485.45,10378.92,5/20/2020 12:00:00 AM
10437.87,10332.56,5/26/2020 12:00:00 AM
10458.1,10350.39,5/27/2020 12:00:00 AM
10465.24,10357.46,5/28/2020 12:00:00 AM
10467.04,10359.23,5/29/2020 12:00:00 AM
10360.04,10254.04,6/2/2020 12:00:00 AM
10235.38,10132.09,6/3/2020 12:00:00 AM
10167.72,10060.8,6/4/2020 12:00:00 AM
10141.34,10035.41,6/5/2020 12:00:00 AM
10072.37,9968.57,6/8/2020 12:00:00 AM
10102.78,9999.38,6/9/2020 12:00:00 AM
10192.58,10088.98,6/10/2020 12:00:00 AM
10182.24,10077.28,6/11/2020 12:00:00 AM
10288.88,10182.84,6/12/2020 12:00:00 AM
10258.37,10152.65,6/15/2020 12:00:00 AM
10246.91,10143.49,6/16/2020 12:00:00 AM
10250.93,10145.29,6/17/2020 12:00:00 AM
10224.42,10121.23,6/18/2020 12:00:00 AM
10265.52,10160.46,6/19/2020 12:00:00 AM
10229.26,10123.85,6/22/2020 12:00:00 AM
10292.43,10186.36,6/23/2020 12:00:00 AM
10257.17,10151.45,6/24/2020 12:00:00 AM
10274.54,10171.58,6/25/2020 12:00:00 AM
10290.67,10183.15,6/26/2020 12:00:00 AM
10371.19,10264.31,6/29/2020 12:00:00 AM
10318.38,10212.05,6/30/2020 12:00:00 AM
10346.53,10239.9,7/1/2020 12:00:00 AM
10469.77,10363.36,7/2/2020 12:00:00 AM
10496.79,10388.62,7/3/2020 12:00:00 AM
10498.92,10390.72,7/6/2020 12:00:00 AM
10436.98,10330.91,7/7/2020 12:00:00 AM
10415.18,10307.85,7/8/2020 12:00:00 AM
10435.01,10329.69,7/9/2020 12:00:00 AM
10457.46,10349.69,7/10/2020 12:00:00 AM
10482.74,10376.94,7/13/2020 12:00:00 AM
10472.15,10367.2,7/14/2020 12:00:00 AM
10560.09,10453.51,7/15/2020 12:00:00 AM
10566.33,10457.43,7/16/2020 12:00:00 AM
10673.97,10563.97,7/17/2020 12:00:00 AM
10720.77,10607.99,7/20/2020 12:00:00 AM
10718.6,10606.61,7/21/2020 12:00:00 AM
10649.52,10539.74,7/22/2020 12:00:00 AM
10650.45,10540.67,7/23/2020 12:00:00 AM
10608.98,10498.87,7/24/2020 12:00:00 AM
10635.48,10523.56,7/27/2020 12:00:00 AM
10621.89,10510.85,7/28/2020 12:00:00 AM
10623.85,10516.61,7/29/2020 12:00:00 AM
10710.79,10600.36,7/30/2020 12:00:00 AM
10749.96,10639.13,8/3/2020 12:00:00 AM
10732.81,10625.24,8/4/2020 12:00:00 AM
10713.02,10602.56,8/5/2020 12:00:00 AM
10703.03,10592.67,8/6/2020 12:00:00 AM
10735.3,10626.93,8/7/2020 12:00:00 AM
10804.48,10693.08,8/10/2020 12:00:00 AM
10783.65,10670.13,8/11/2020 12:00:00 AM
10804.58,10693.18,8/12/2020 12:00:00 AM
10905.46,10795.38,8/13/2020 12:00:00 AM
10918.06,10807.85,8/14/2020 12:00:00 AM
10962.64,10849.59,8/18/2020 12:00:00 AM
10889.59,10774.92,8/19/2020 12:00:00 AM
10843.83,10729.67,8/24/2020 12:00:00 AM
10742.32,10629.22,8/25/2020 12:00:00 AM
10751.54,10640.67,8/26/2020 12:00:00 AM
10830.21,10716.95,8/27/2020 12:00:00 AM
10822.96,10713.7,8/28/2020 12:00:00 AM
10773.2,10662.07,8/31/2020 12:00:00 AM
10829.52,10717.81,9/1/2020 12:00:00 AM
10933.29,10820.52,9/2/2020 12:00:00 AM
10930.78,10820.42,9/3/2020 12:00:00 AM
10894.8,10783.24,9/4/2020 12:00:00 AM
10863.63,10751.6,9/7/2020 12:00:00 AM
10874.52,10762.38,9/8/2020 12:00:00 AM
10889.46,10774.82,9/9/2020 12:00:00 AM
10928.97,10817.85,9/10/2020 12:00:00 AM
11008.34,10894.82,9/11/2020 12:00:00 AM
11013.52,10903.13,9/14/2020 12:00:00 AM
10970.75,10860.79,9/15/2020 12:00:00 AM
10964.44,10854.55,9/16/2020 12:00:00 AM
10987.94,10870.62,9/17/2020 12:00:00 AM
10939.66,10826.82,9/18/2020 12:00:00 AM
10912.77,10800.2,9/21/2020 12:00:00 AM
10906.62,10794.14,9/22/2020 12:00:00 AM
10912.08,10799.55,9/23/2020 12:00:00 AM
10941.48,10831.03,9/24/2020 12:00:00 AM
10934.19,10821.45,9/25/2020 12:00:00 AM
10929.7,10819.37,9/28/2020 12:00:00 AM
10932.99,10821.84,9/29/2020 12:00:00 AM
10965.91,10852.83,9/30/2020 12:00:00 AM
10963.1,10853.22,10/1/2020 12:00:00 AM
10966.18,10854.68,10/2/2020 12:00:00 AM
10970.15,10854.62,10/5/2020 12:00:00 AM
10877.33,10765.14,10/6/2020 12:00:00 AM
10912.1,10797.18,10/7/2020 12:00:00 AM
10902.22,10792.15,10/8/2020 12:00:00 AM
10916.7,10807.28,10/9/2020 12:00:00 AM
10941.11,10831.44,10/12/2020 12:00:00 AM
10934.01,10822.82,10/13/2020 12:00:00 AM
10923.59,10814.1,10/14/2020 12:00:00 AM
10932.12,10817.77,10/15/2020 12:00:00 AM
10903.62,10789.58,10/16/2020 12:00:00 AM
10919.67,10807.03,10/19/2020 12:00:00 AM
10903.54,10794.25,10/20/2020 12:00:00 AM
10869.39,10757.27,10/21/2020 12:00:00 AM
10895.91,10781.13,10/22/2020 12:00:00 AM
10912.61,10800.05,10/23/2020 12:00:00 AM
10876.65,10767.63,10/26/2020 12:00:00 AM
10862.67,10752.21,10/27/2020 12:00:00 AM
10862.67,10752.21,10/28/2020 12:00:00 AM
10862.67,10752.21,10/29/2020 12:00:00 AM
10862.67,10752.21,10/30/2020 12:00:00 AM
10822.85,10714.38,11/2/2020 12:00:00 AM
10767.91,10655.3,11/3/2020 12:00:00 AM
10697.42,10587.11,11/4/2020 12:00:00 AM
10677.07,10566.94,11/5/2020 12:00:00 AM
10650.94,10543.4,11/6/2020 12:00:00 AM
10588.7,10482.56,11/9/2020 12:00:00 AM
10464.4,10356.43,11/10/2020 12:00:00 AM
10505.26,10396.87,11/11/2020 12:00:00 AM
10575.54,10464.1,11/12/2020 12:00:00 AM
10592.98,10483.69,11/13/2020 12:00:00 AM
10559.34,10453.49,11/16/2020 12:00:00 AM
10518.64,10413.21,11/17/2020 12:00:00 AM
10565.63,10456.61,11/18/2020 12:00:00 AM
10602.31,10496.03,11/19/2020 12:00:00 AM
10640.03,10527.89,11/20/2020 12:00:00 AM
10607.96,10500.06,11/23/2020 12:00:00 AM
10620.84,10512.82,11/24/2020 12:00:00 AM
10614.87,10505.34,11/25/2020 12:00:00 AM
10610.96,10499.1,11/26/2020 12:00:00 AM
10619.85,10510.25,11/27/2020 12:00:00 AM
10618.19,10511.75,11/30/2020 12:00:00 AM
10643.83,10533.98,12/1/2020 12:00:00 AM
10647.63,10535.38,12/2/2020 12:00:00 AM
10649.44,10539.54,12/3/2020 12:00:00 AM
10686.74,10574.07,12/4/2020 12:00:00 AM
10644.95,10538.24,12/7/2020 12:00:00 AM
10649.23,10537.74,12/8/2020 12:00:00 AM
10649.23,10537.74,12/9/2020 12:00:00 AM
10623.66,10509.31,12/10/2020 12:00:00 AM
10622.48,10512.84,12/11/2020 12:00:00 AM
10662.26,10555.38,12/14/2020 12:00:00 AM
10666.46,10556.37,12/15/2020 12:00:00 AM
10675.39,10568.38,12/16/2020 12:00:00 AM
10711.52,10596.96,12/17/2020 12:00:00 AM
10719.09,10608.43,12/18/2020 12:00:00 AM
10706.91,10598.78,12/21/2020 12:00:00 AM
10717.89,10610.45,12/22/2020 12:00:00 AM
10742.77,10631.89,12/23/2020 12:00:00 AM
10742.77,10631.89,12/24/2020 12:00:00 AM
10742.77,10631.89,12/25/2020 12:00:00 AM
10739.79,10632.12,12/28/2020 12:00:00 AM
10716.32,10607.3,12/29/2020 12:00:00 AM
10698.51,10589.66,12/30/2020 12:00:00 AM
10698.51,10589.66,12/31/2020 12:00:00 AM
10601.31,10491.84,1/4/2021 12:00:00 AM
10628.49,10518.75,1/5/2021 12:00:00 AM
10609.98,10500.43,1/6/2021 12:00:00 AM
10619.13,10509.48,1/7/2021 12:00:00 AM
10659.64,10549.6,1/8/2021 12:00:00 AM
10692.86,10582.49,1/11/2021 12:00:00 AM
10743,10633.71,1/12/2021 12:00:00 AM
10720.16,10612.69,1/13/2021 12:00:00 AM
10691.38,10581.01,1/14/2021 12:00:00 AM
10665.62,10557.9,1/15/2021 12:00:00 AM
10635.4,10525.62,1/18/2021 12:00:00 AM
10652.74,10542.78,1/19/2021 12:00:00 AM
10660.13,10553.26,1/20/2021 12:00:00 AM
10654.89,10544.89,1/21/2021 12:00:00 AM
10673.52,10563.33,1/22/2021 12:00:00 AM
10668.18,10558.05,1/25/2021 12:00:00 AM
10674.43,10562.64,1/26/2021 12:00:00 AM
10686.28,10579.15,1/27/2021 12:00:00 AM
10663.26,10553.19,1/28/2021 12:00:00 AM
10639.22,10529.4,1/29/2021 12:00:00 AM
10619.47,10509.85,2/1/2021 12:00:00 AM
10611.4,10501.86,2/2/2021 12:00:00 AM
10587.02,10477.74,2/3/2021 12:00:00 AM
10586.25,10479.34,2/4/2021 12:00:00 AM
10565.42,10456.39,2/5/2021 12:00:00 AM
10549.6,10440.71,2/8/2021 12:00:00 AM
10575.77,10466.6,2/9/2021 12:00:00 AM
10599.33,10493.07,2/10/2021 12:00:00 AM
10616.8,10507.2,2/11/2021 12:00:00 AM
10616.8,10507.2,2/12/2021 12:00:00 AM
10591.5,10485.32,2/15/2021 12:00:00 AM
10555.93,10450.1,2/16/2021 12:00:00 AM
10607.66,10499.74,2/17/2021 12:00:00 AM
10645.95,10533.67,2/18/2021 12:00:00 AM
10661.62,10551.56,2/19/2021 12:00:00 AM
10698.04,10587.6,2/22/2021 12:00:00 AM
10761.54,10650.43,2/23/2021 12:00:00 AM
10738.25,10629.78,2/24/2021 12:00:00 AM
10743.97,10636.26,2/25/2021 12:00:00 AM
10789.31,10677.92,2/26/2021 12:00:00 AM
10800.77,10692.49,3/1/2021 12:00:00 AM
10806.87,10696.93,3/2/2021 12:00:00 AM
10830.52,10720.33,3/3/2021 12:00:00 AM
10780.57,10672.5,3/4/2021 12:00:00 AM
10790.33,10680.57,3/5/2021 12:00:00 AM
10765.99,10656.48,3/8/2021 12:00:00 AM
10772.22,10661.08,3/9/2021 12:00:00 AM
10762.74,10653.28,3/10/2021 12:00:00 AM
10762.74,10653.28,3/11/2021 12:00:00 AM
10769.41,10659.87,3/12/2021 12:00:00 AM
10762.9,10655.01,3/15/2021 12:00:00 AM
10776.18,10666.58,3/16/2021 12:00:00 AM
10794.31,10684.52,3/17/2021 12:00:00 AM
10802.55,10692.67,3/18/2021 12:00:00 AM
10811.82,10700.26,3/19/2021 12:00:00 AM
10815.37,10701.38,3/22/2021 12:00:00 AM
10803.66,10693.77,3/23/2021 12:00:00 AM
10787.32,10677.6,3/24/2021 12:00:00 AM
10798.04,10688.21,3/25/2021 12:00:00 AM
10771.8,10658.29,3/26/2021 12:00:00 AM
10776.44,10667.63,3/29/2021 12:00:00 AM
10796.3,10685.7,3/30/2021 12:00:00 AM
10873.82,10762.43,3/31/2021 12:00:00 AM
10890.49,10778.12,4/1/2021 12:00:00 AM
10890.49,10778.12,4/2/2021 12:00:00 AM
10885.2,10774.49,4/5/2021 12:00:00 AM
10860.85,10748.78,4/6/2021 12:00:00 AM
10883.57,10772.86,4/7/2021 12:00:00 AM
10888,10776.45,4/8/2021 12:00:00 AM
10930.92,10820.54,4/9/2021 12:00:00 AM
10920.33,10810.87,4/12/2021 12:00:00 AM
10960.98,10849.49,4/13/2021 12:00:00 AM
10972.9,10859.67,4/14/2021 12:00:00 AM
11003.49,10893.19,4/15/2021 12:00:00 AM
11031.42,10919.2,4/16/2021 12:00:00 AM
10997.35,10886.29,4/19/2021 12:00:00 AM
11000.71,10886.34,4/20/2021 12:00:00 AM
10981.8,10870.89,4/21/2021 12:00:00 AM
10994.62,10880.32,4/22/2021 12:00:00 AM
10993.49,10883.28,4/23/2021 12:00:00 AM
11009.59,10899.22,4/26/2021 12:00:00 AM
10989.77,10877.14,4/27/2021 12:00:00 AM
10982.58,10872.48,4/28/2021 12:00:00 AM
10996.57,10883.87,4/29/2021 12:00:00 AM
10961.43,10850.73,4/30/2021 12:00:00 AM
10941.82,10828.06,5/3/2021 12:00:00 AM
10917.06,10804.38,5/4/2021 12:00:00 AM
10861.35,10747.64,5/5/2021 12:00:00 AM
10855.99,10743.95,5/6/2021 12:00:00 AM
10806.87,10694.54,5/7/2021 12:00:00 AM
10787.6,10677.85,5/10/2021 12:00:00 AM
10775.56,10665.11,5/11/2021 12:00:00 AM
10775.56,10665.11,5/12/2021 12:00:00 AM
10775.56,10665.11,5/13/2021 12:00:00 AM
10775.56,10665.11,5/14/2021 12:00:00 AM
10763.91,10655.2,5/17/2021 12:00:00 AM
10748.29,10638.16,5/18/2021 12:00:00 AM
10812.96,10701.34,5/19/2021 12:00:00 AM
10805.72,10697.39,5/20/2021 12:00:00 AM
10852.88,10741.67,5/21/2021 12:00:00 AM
10854.97,10742.92,5/24/2021 12:00:00 AM
10846.78,10733.21,5/25/2021 12:00:00 AM
10846.78,10733.21,5/26/2021 12:00:00 AM
10868.86,10758.28,5/27/2021 12:00:00 AM
10869.46,10758.06,5/28/2021 12:00:00 AM
10869.59,10759.81,5/31/2021 12:00:00 AM
10869.59,10759.81,6/1/2021 12:00:00 AM
10868.24,10756.02,6/2/2021 12:00:00 AM
10837.21,10726.94,6/3/2021 12:00:00 AM
10850.69,10738.67,6/4/2021 12:00:00 AM
10830.76,10720.57,6/7/2021 12:00:00 AM
10838.33,10724.81,6/8/2021 12:00:00 AM
10831.49,10719.66,6/9/2021 12:00:00 AM
10833.95,10722.09,6/10/2021 12:00:00 AM
10802.54,10691.01,6/11/2021 12:00:00 AM
10794.67,10684.03,6/14/2021 12:00:00 AM
10770.99,10659.8,6/15/2021 12:00:00 AM
10794.16,10681.12,6/16/2021 12:00:00 AM
10807.28,10698.13,6/17/2021 12:00:00 AM
10797.2,10686.57,6/18/2021 12:00:00 AM
10787.76,10679.63,6/21/2021 12:00:00 AM
10797.85,10686.44,6/22/2021 12:00:00 AM
10761.94,10650.91,6/23/2021 12:00:00 AM
10794.58,10684.79,6/24/2021 12:00:00 AM
10813.41,10701.04,6/25/2021 12:00:00 AM
10820.72,10709.06,6/28/2021 12:00:00 AM
10833.79,10725.19,6/29/2021 12:00:00 AM
10836.42,10726.2,6/30/2021 12:00:00 AM
10867.57,10758.64,7/1/2021 12:00:00 AM
10856.45,10742.84,7/2/2021 12:00:00 AM
10834.06,10720.71,7/5/2021 12:00:00 AM
10817.91,10708.67,7/6/2021 12:00:00 AM
10820.32,10707.07,7/7/2021 12:00:00 AM
10815.27,10704.48,7/8/2021 12:00:00 AM
10814.16,10705.76,7/9/2021 12:00:00 AM
10795.79,10684.43,7/12/2021 12:00:00 AM
10776.04,10666.45,7/13/2021 12:00:00 AM
10770.46,10659.35,7/14/2021 12:00:00 AM
10745.46,10634.62,7/15/2021 12:00:00 AM
10778.32,10667.13,7/16/2021 12:00:00 AM
10780.75,10669.54,7/19/2021 12:00:00 AM
10727.29,10618.21,7/21/2021 12:00:00 AM
10700.69,10592.66,7/22/2021 12:00:00 AM
10714.68,10605.73,7/23/2021 12:00:00 AM
10718.97,10609.97,7/26/2021 12:00:00 AM
10709.85,10599.39,7/27/2021 12:00:00 AM
10706.95,10597.29,7/28/2021 12:00:00 AM
10721.48,10613.24,7/29/2021 12:00:00 AM
10757.47,10648.07,7/30/2021 12:00:00 AM
10753.41,10643.26,8/2/2021 12:00:00 AM
10745.77,10635.7,8/3/2021 12:00:00 AM
10686.96,10575.93,8/4/2021 12:00:00 AM
10668.95,10562.01,8/5/2021 12:00:00 AM
10672.87,10562.76,8/6/2021 12:00:00 AM
10689.01,10581.87,8/9/2021 12:00:00 AM
10652.33,10545.56,8/10/2021 12:00:00 AM
10650.71,10541.63,8/12/2021 12:00:00 AM
10662.06,10552.86,8/13/2021 12:00:00 AM
10648.75,10538.91,8/16/2021 12:00:00 AM
10663.12,10556.24,8/18/2021 12:00:00 AM
10629.35,10519.72,8/19/2021 12:00:00 AM
10617.95,10508.45,8/20/2021 12:00:00 AM
10659.47,10551.86,8/23/2021 12:00:00 AM
10660.89,10550.93,8/24/2021 12:00:00 AM
10660.4,10550.43,8/25/2021 12:00:00 AM
10701.38,10594.12,8/26/2021 12:00:00 AM
10713.32,10602.8,8/27/2021 12:00:00 AM
10733.54,10622.02,8/30/2021 12:00:00 AM
10734.84,10624.08,8/31/2021 12:00:00 AM
10697.57,10590.34,9/1/2021 12:00:00 AM
10666.83,10555.99,9/2/2021 12:00:00 AM
10678.88,10571.83,9/3/2021 12:00:00 AM
10679.81,10568.03,9/6/2021 12:00:00 AM
10666.52,10557.24,9/7/2021 12:00:00 AM
10621.68,10510.51,9/8/2021 12:00:00 AM
10655.76,10545.82,9/9/2021 12:00:00 AM
10676.91,10566.74,9/10/2021 12:00:00 AM
10681.51,10572.06,9/13/2021 12:00:00 AM
10674.29,10564.14,9/14/2021 12:00:00 AM
10673.64,10565.86,9/15/2021 12:00:00 AM
10679.44,10572.38,9/16/2021 12:00:00 AM
10653.85,10543.92,9/17/2021 12:00:00 AM
10633.49,10523.77,9/20/2021 12:00:00 AM
10591.82,10483.33,9/21/2021 12:00:00 AM
10601.51,10495.25,9/22/2021 12:00:00 AM
10595.04,10487.28,9/23/2021 12:00:00 AM
10625.39,10518.89,9/24/2021 12:00:00 AM
10602.05,10492.67,9/27/2021 12:00:00 AM
10584.5,10475.31,9/28/2021 12:00:00 AM
10573.92,10467.16,9/29/2021 12:00:00 AM
10595.05,10485.76,9/30/2021 12:00:00 AM
10579.69,10470.57,10/1/2021 12:00:00 AM
10590.83,10483.9,10/4/2021 12:00:00 AM
10568.97,10459.96,10/5/2021 12:00:00 AM
10561.02,10454.39,10/6/2021 12:00:00 AM
10517.36,10408.12,10/7/2021 12:00:00 AM
10539.29,10430.58,10/8/2021 12:00:00 AM
10528.89,10420.29,10/11/2021 12:00:00 AM
10555.1,10446.21,10/12/2021 12:00:00 AM
10535.39,10427.48,10/13/2021 12:00:00 AM
10567.18,10454.3,10/14/2021 12:00:00 AM
10557.17,10451.34,10/15/2021 12:00:00 AM
10500.31,10395.06,10/18/2021 12:00:00 AM
10486.7,10380.05,10/19/2021 12:00:00 AM
10535.63,10426.14,10/21/2021 12:00:00 AM
10563.49,10456.05,10/22/2021 12:00:00 AM
10587.53,10478.28,10/25/2021 12:00:00 AM
10604.81,10496.94,10/26/2021 12:00:00 AM
10571.68,10464.16,10/27/2021 12:00:00 AM
10563.9,10456.46,10/28/2021 12:00:00 AM
10589.2,10483.05,10/29/2021 12:00:00 AM
10584.02,10476.37,11/1/2021 12:00:00 AM
10592.46,10484.74,11/2/2021 12:00:00 AM
10632.28,10524.14,11/3/2021 12:00:00 AM
10651.04,10542.71,11/4/2021 12:00:00 AM
10661.71,10553.28,11/5/2021 12:00:00 AM
10679.29,10570.68,11/8/2021 12:00:00 AM
10624.88,10518.38,11/9/2021 12:00:00 AM
10626.38,10519.86,11/10/2021 12:00:00 AM
10628.68,10519.02,11/11/2021 12:00:00 AM
10594.25,10484.96,11/12/2021 12:00:00 AM
10582.74,10474.35,11/15/2021 12:00:00 AM
10567.75,10458.73,11/16/2021 12:00:00 AM
10555.07,10449.27,11/17/2021 12:00:00 AM
10558.72,10452.12,11/18/2021 12:00:00 AM
10539.54,10430.06,11/19/2021 12:00:00 AM
10522.28,10413.75,11/22/2021 12:00:00 AM
10517.79,10410.84,11/23/2021 12:00:00 AM
10504.11,10397.31,11/24/2021 12:00:00 AM
10494.89,10389.7,11/25/2021 12:00:00 AM
10500.77,10395.52,11/26/2021 12:00:00 AM
10456.39,10348.58,11/29/2021 12:00:00 AM
10530.25,10423.19,11/30/2021 12:00:00 AM
10520.94,10415.5,12/1/2021 12:00:00 AM
10573.02,10463.98,12/2/2021 12:00:00 AM
10575.93,10466.86,12/3/2021 12:00:00 AM
10563.2,10452.76,12/6/2021 12:00:00 AM
10599,10492.77,12/7/2021 12:00:00 AM
10595.67,10488.7,12/8/2021 12:00:00 AM
10567.78,10460.33,12/9/2021 12:00:00 AM
10575.42,10464.82,12/10/2021 12:00:00 AM
10578.25,10463.8,12/13/2021 12:00:00 AM
10545.44,10439.75,12/14/2021 12:00:00 AM
10540.75,10432.05,12/15/2021 12:00:00 AM
10541.14,10430.92,12/16/2021 12:00:00 AM
10568.75,10459.76,12/17/2021 12:00:00 AM
10568.75,10459.76,12/20/2021 12:00:00 AM
10572.6,10463.58,12/21/2021 12:00:00 AM
10573.95,10462.6,12/22/2021 12:00:00 AM
10497.45,10389.2,12/23/2021 12:00:00 AM
10526.43,10417.1,12/24/2021 12:00:00 AM
10538.42,10427.41,12/27/2021 12:00:00 AM
10533.55,10423.36,12/28/2021 12:00:00 AM
10564.23,10457.57,12/29/2021 12:00:00 AM
10588.91,10482,12/30/2021 12:00:00 AM
10591.1,10476.43,12/31/2021 12:00:00 AM
10631.54,10521.86,1/3/2022 12:00:00 AM
10631.1,10519.86,1/4/2022 12:00:00 AM
10613.69,10506.53,1/5/2022 12:00:00 AM
10650.56,10543.8,1/6/2022 12:00:00 AM
10630.4,10522.31,1/7/2022 12:00:00 AM
10620.99,10511.44,1/10/2022 12:00:00 AM
10625.69,10516.85,1/11/2022 12:00:00 AM
10626.71,10517.08,1/12/2022 12:00:00 AM
10640.74,10529.4,1/13/2022 12:00:00 AM
10692.56,10582.23,1/14/2022 12:00:00 AM
10694.19,10583.85,1/17/2022 12:00:00 AM
10682.46,10570.68,1/18/2022 12:00:00 AM
10677.62,10565.1,1/19/2022 12:00:00 AM
10700.04,10592.79,1/20/2022 12:00:00 AM
10715.12,10607.72,1/21/2022 12:00:00 AM
10717.07,10604.12,1/24/2022 12:00:00 AM
10707.7,10597.21,1/25/2022 12:00:00 AM
10741.25,10628.04,1/26/2022 12:00:00 AM
10722.69,10609.68,1/27/2022 12:00:00 AM
10705.66,10595.22,1/28/2022 12:00:00 AM
10656.13,10544.66,1/31/2022 12:00:00 AM
10678.45,10568.3,2/2/2022 12:00:00 AM
10697.98,10585.25,2/3/2022 12:00:00 AM
10723.33,10610.34,2/4/2022 12:00:00 AM
10747.51,10636.62,2/7/2022 12:00:00 AM
10769.25,10658.12,2/8/2022 12:00:00 AM
10753.44,10642.49,2/9/2022 12:00:00 AM
10751.23,10637.13,2/10/2022 12:00:00 AM
10745.97,10635.08,2/11/2022 12:00:00 AM
10734.81,10621.67,2/14/2022 12:00:00 AM
10691.27,10583.32,2/15/2022 12:00:00 AM
10675.18,10565.04,2/16/2022 12:00:00 AM
10679.81,10571.18,2/17/2022 12:00:00 AM
10693.83,10581.13,2/18/2022 12:00:00 AM
10737.43,10626.63,2/21/2022 12:00:00 AM
10706.01,10595.54,2/22/2022 12:00:00 AM
10714.73,10607.33,2/23/2022 12:00:00 AM
10737.41,10629.78,2/24/2022 12:00:00 AM
10688.12,10574.73,2/25/2022 12:00:00 AM
10666.9,10554.53,3/1/2022 12:00:00 AM
10658.3,10551.47,3/2/2022 12:00:00 AM
10629.83,10523.28,3/4/2022 12:00:00 AM
10633.31,10521.31,3/7/2022 12:00:00 AM
10621.19,10511.66,3/8/2022 12:00:00 AM
10608.66,10496.17,3/9/2022 12:00:00 AM
10600.26,10490.94,3/10/2022 12:00:00 AM
10571.24,10462.21,3/11/2022 12:00:00 AM
10570.94,10461.91,3/14/2022 12:00:00 AM
10553.83,10442.69,3/15/2022 12:00:00 AM
10539.4,10427.66,3/16/2022 12:00:00 AM
10566.09,10460.19,3/17/2022 12:00:00 AM
10596.51,10484.88,3/18/2022 12:00:00 AM
10631.23,10519.24,3/21/2022 12:00:00 AM
10634.33,10522.31,3/22/2022 12:00:00 AM
10625.77,10516.16,3/23/2022 12:00:00 AM
10621.37,10514.91,3/24/2022 12:00:00 AM
10629.56,10523.01,3/25/2022 12:00:00 AM
10629.63,10517.65,3/28/2022 12:00:00 AM
10608.5,10496,3/29/2022 12:00:00 AM
10601.32,10491.98,3/30/2022 12:00:00 AM
10661.5,10548.4,3/31/2022 12:00:00 AM
10658.78,10548.83,4/1/2022 12:00:00 AM
10648.24,10535.29,4/4/2022 12:00:00 AM
10638.91,10532.27,4/5/2022 12:00:00 AM
10640.3,10530.55,4/6/2022 12:00:00 AM
10626.29,10513.59,4/7/2022 12:00:00 AM
10606.98,10497.58,4/8/2022 12:00:00 AM
10596.62,10485.02,4/11/2022 12:00:00 AM
10582.44,10471.77,4/12/2022 12:00:00 AM
10576.47,10470.46,4/13/2022 12:00:00 AM
10579.77,10473.73,4/14/2022 12:00:00 AM
10647.33,10537.5,4/18/2022 12:00:00 AM
10604.76,10498.47,4/19/2022 12:00:00 AM
10565.5,10456.54,4/20/2022 12:00:00 AM
10569.22,10457.92,4/21/2022 12:00:00 AM
10595.74,10484.14,4/22/2022 12:00:00 AM
10564.97,10452.96,4/25/2022 12:00:00 AM
10570.79,10461.8,4/26/2022 12:00:00 AM
10549.21,10440.44,4/27/2022 12:00:00 AM
10503.11,10394.83,4/28/2022 12:00:00 AM
10499.57,10388.35,5/9/2022 12:00:00 AM
10484.26,10376.21,5/10/2022 12:00:00 AM
10526.92,10421.42,5/11/2022 12:00:00 AM
10551.99,10446.24,5/12/2022 12:00:00 AM
10504.46,10396.22,5/13/2022 12:00:00 AM
10534.99,10423.44,5/17/2022 12:00:00 AM
